time,ep_s_vol_m3,frac_retained
0.0,3.3664998e-07,1.0
0.0010444444,3.3664998e-07,1.0
0.0020074074,3.3664997e-07,0.9999999702955573
0.0031352843,3.3664997e-07,0.9999999702955573
0.0040836492,3.3664996e-07,0.9999999405911147
0.005137388,3.3664995e-07,0.9999999108866723
0.0060991337,3.3664994e-07,0.9999998811822296
0.0071445095,3.3664991e-07,0.9999997920689018
0.0080737324,3.3664987e-07,0.9999996732511316
0.0090545788,3.366498e-07,0.9999994653200336
0.010087049,3.3664973e-07,0.9999992573889355
0.011234238,3.3664968e-07,0.9999991088667226
0.012126495,3.3664966e-07,0.9999990494578375
0.013082486,3.3664962e-07,0.9999989306400671
0.01400661,3.3664958e-07,0.9999988118222968
0.01503908,3.3664951e-07,0.9999986038911988
0.01612891,3.3664933e-07,0.9999980692112324
0.016989301,3.3664928e-07,0.9999979206890195
0.018050451,3.3664914e-07,0.9999975048268233
0.019057109,3.3664909e-07,0.9999973563046105
0.019986332,3.3664902e-07,0.9999971483735123
0.021077704,3.3664871e-07,0.9999962275357925
0.022131443,3.3664818e-07,0.9999946532003358
0.023093189,3.3664798e-07,0.9999940591114843
0.024138565,3.366478e-07,0.9999935244315178
0.025067788,3.366477e-07,0.9999932273870921
0.026048634,3.3664767e-07,0.9999931382737643
0.027081104,3.3664767e-07,0.9999931382737643
0.028010327,3.3664767e-07,0.9999931382737643
0.028991173,3.3664767e-07,0.9999931382737643
0.030023643,3.3664767e-07,0.9999931382737643
0.031185172,3.3664767e-07,0.9999931382737643
0.032044703,3.3664767e-07,0.9999931382737643
0.033048264,3.3664767e-07,0.9999931382737643
0.034139636,3.3664767e-07,0.9999931382737643
0.035121871,3.3664767e-07,0.9999931382737643
0.036070236,3.3664767e-07,0.9999931382737643
0.037123975,3.3664767e-07,0.9999931382737643
0.038085721,3.3664767e-07,0.9999931382737643
0.039131097,3.3664767e-07,0.9999931382737643
0.040071935,3.3664767e-07,0.9999931382737643
0.041106857,3.3664767e-07,0.9999931382737643
0.042038287,3.3664767e-07,0.9999931382737643
0.043037457,3.3664767e-07,0.9999931382737643
0.044121302,3.3664767e-07,0.9999931382737643
0.045096763,3.3664767e-07,0.9999931382737643
0.046028193,3.3664767e-07,0.9999931382737643
0.047063115,3.3664767e-07,0.9999931382737643
0.048003954,3.3664767e-07,0.9999931382737643
0.049049329,3.3664767e-07,0.9999931382737643
0.050011075,3.3664767e-07,0.9999931382737643
0.051014636,3.3664767e-07,0.9999931382737643
0.052018197,3.3664767e-07,0.9999931382737643
0.052979942,3.3664767e-07,0.9999931382737643
0.054025318,3.3664767e-07,0.9999931382737643
0.055154324,3.3664767e-07,0.9999931382737643
0.056001078,3.3664767e-07,0.9999931382737643
0.057111267,3.3664767e-07,0.9999931382737643
0.058135736,3.3664767e-07,0.9999931382737643
0.059018497,3.3664767e-07,0.9999931382737643
0.060156796,3.3664767e-07,0.9999931382737643
0.060993096,3.3664767e-07,0.9999931382737643
0.06214301,3.3664767e-07,0.9999931382737643
0.063167478,3.3664767e-07,0.9999931382737643
0.064006102,3.3664767e-07,0.9999931382737643
0.065156015,3.3664767e-07,0.9999931382737643
0.065992316,3.3664767e-07,0.9999931382737643
0.067008421,3.3664767e-07,0.9999931382737643
0.068137427,3.3664767e-07,0.9999931382737643
0.069182802,3.3664767e-07,0.9999931382737643
0.070088795,3.3664767e-07,0.9999931382737643
0.071043829,3.3664767e-07,0.9999931382737643
0.072051182,3.3664767e-07,0.9999931382737643
0.073151963,3.3664767e-07,0.9999931382737643
0.074134198,3.3664767e-07,0.9999931382737643
0.075018209,3.3664767e-07,0.9999931382737643
0.076024154,3.3664767e-07,0.9999931382737643
0.076989454,3.3664767e-07,0.9999931382737643
0.078062009,3.3664767e-07,0.9999931382737643
0.079044662,3.3664767e-07,0.9999931382737643
0.080113269,3.3664767e-07,0.9999931382737643
0.081042492,3.3664767e-07,0.9999931382737643
0.08204915,3.3664767e-07,0.9999931382737643
0.083110299,3.3664767e-07,0.9999931382737643
0.084257488,3.3664767e-07,0.9999931382737643
0.085031841,3.3664767e-07,0.9999931382737643
0.08609299,3.3664767e-07,0.9999931382737643
0.087240179,3.3664767e-07,0.9999931382737643
0.0880174,3.3664767e-07,0.9999931382737643
0.089178928,3.3664767e-07,0.9999931382737643
0.090211398,3.3664767e-07,0.9999931382737643
0.091192245,3.3664767e-07,0.9999931382737643
0.092121467,3.3664767e-07,0.9999931382737643
0.093153937,3.3664767e-07,0.9999931382737643
0.094243767,3.3664767e-07,0.9999931382737643
0.095018119,3.3664767e-07,0.9999931382737643
0.096079269,3.3664767e-07,0.9999931382737643
0.097226458,3.3664767e-07,0.9999931382737643
0.098150582,3.3664767e-07,0.9999931382737643
0.099106573,3.3664767e-07,0.9999931382737643
0.10022827,3.3664767e-07,0.9999931382737643
0.10100262,3.3664767e-07,0.9999931382737643
0.10212113,3.3664767e-07,0.9999931382737643
0.10298152,3.3664767e-07,0.9999931382737643
0.10412871,3.3664767e-07,0.9999931382737643
0.10502097,3.3664767e-07,0.9999931382737643
0.10620002,3.3664767e-07,0.9999931382737643
0.10706041,3.3664767e-07,0.9999931382737643
0.10801641,3.3664762e-07,0.9999929897515514
0.1089724,3.3664705e-07,0.9999912965983243
0.11003461,3.3664522e-07,0.9999858606853326
0.11109682,3.3664191e-07,0.999976028514839
0.11227706,3.3663573e-07,0.9999576711693254
0.11306388,3.3662975e-07,0.9999399079126634
0.11416543,3.3661809e-07,0.9999052725326167
0.11522764,3.3660227e-07,0.9998582801044574
0.11621904,3.3658232e-07,0.9997990197415131
0.11717503,3.3655726e-07,0.9997245804084111
0.11806729,3.3652775e-07,0.9996369225983616
0.11921448,3.3647947e-07,0.999493509549592
0.11998883,3.3643938e-07,0.9993744244392944
0.12104998,3.3637293e-07,0.9991770384183595
0.12219717,3.3628404e-07,0.9989129956282783
0.12312129,3.3619793e-07,0.998657210673234
0.12407728,3.3609402e-07,0.9983485518103996
0.12510409,3.3596369e-07,0.9979614138102725
0.1261663,3.3580691e-07,0.9974957075595251
0.1273072,3.3561175e-07,0.996915995658161
0.12809402,3.3546003e-07,0.9964653198553584
0.12931797,3.3519452e-07,0.9956766372004537
0.13019222,3.3498189e-07,0.9950450316379048
0.13106646,3.3474984e-07,0.9943557400478681
0.13198928,3.3448327e-07,0.9935639087220501
0.13296067,3.3417873e-07,0.9926592896277611
0.13441775,3.3367742e-07,0.9911701762168529
0.13495741,3.3347834e-07,0.9905788201739979
0.13603673,3.3306031e-07,0.9893370853608843
0.13711605,3.3261771e-07,0.9880223667323549
0.13825533,3.3212668e-07,0.9865637894884176
0.13945457,3.3158775e-07,0.9849629279645286
0.14005419,3.3131143e-07,0.9841421348071965
0.14125344,3.3074834e-07,0.9824695073500375
0.14258593,3.3011172e-07,0.980578463126598
0.14325218,3.2979143e-07,0.9796270595352478
0.14458467,3.2915124e-07,0.9777254108258078
0.14525091,3.2883296e-07,0.9767799778274159
0.14599119,3.2848215e-07,0.9757379162773157
0.14747174,3.2779267e-07,0.9736898543704057
0.14821201,3.2745556e-07,0.9726884879066381
0.14895228,3.2712445e-07,0.9717049441084178
0.15051508,3.2644801e-07,0.9696956167946303
0.15133761,3.2610532e-07,0.9686776752519041
0.15216014,3.2577221e-07,0.967688190565168
0.15298266,3.2544895e-07,0.9667279647543718
0.15462772,3.2483251e-07,0.9648968640960559
0.15554163,3.2450804e-07,0.963933044047708
0.15645555,3.2419581e-07,0.963005582237076
0.15736947,3.2389561e-07,0.9621138548708661
0.15828339,3.2360717e-07,0.9612570599291287
0.15919731,3.2333016e-07,0.9604342171652587
0.16011122,3.2306422e-07,0.9596442572193231
0.16111122,3.2278599e-07,0.9588177905134585
0.16211122,3.2251999e-07,0.9580276523408675
0.16311122,3.222657e-07,0.957272298070536
0.16411122,3.2202258e-07,0.9565501236625649
0.16511122,3.2179007e-07,0.9558594656681696
0.16611122,3.2156765e-07,0.9551987794563361
0.16711122,3.2135484e-07,0.9545666392138207
0.16811122,3.2115117e-07,0.9539616488318222
0.16911122,3.2095621e-07,0.9533825310193097
0.17011122,3.2076961e-07,0.9528282461207928
0.17111122,3.2059086e-07,0.9522972792097001
0.17211122,3.2041967e-07,0.9517887688571969
0.17311122,3.2025579e-07,0.9513019724522187
0.17411122,3.200987e-07,0.9508353453637514
0.17511122,3.1994819e-07,0.9503882637985007
0.17611122,3.1980392e-07,0.9499597178054192
0.17711122,3.1966558e-07,0.9495487865467866
0.17811122,3.1953303e-07,0.9491550541604071
0.17901122,3.1941823e-07,0.9488140471596048
0.17991122,3.1930766e-07,0.948485605138013
0.18171122,3.1909869e-07,0.9478648714014478
0.18261122,3.1900006e-07,0.947571896484295
0.18351122,3.1890506e-07,0.9472897042797983
0.18451122,3.1880387e-07,0.9469891250253452
0.18551122,3.1870689e-07,0.946701051341218
0.18651122,3.1861395e-07,0.9464249782518923
0.18751122,3.1852489e-07,0.9461604304862873
0.18851122,3.1843958e-07,0.9459070218866491
0.18951122,3.1835785e-07,0.945664247477454
0.19041122,3.1828708e-07,0.9454540291373253
0.19131122,3.1821898e-07,0.945251741883365
0.19221122,3.1815347e-07,0.9450571480800325
0.19311122,3.1809046e-07,0.9448699803873446
0.19401122,3.1802988e-07,0.9446900308742034
0.19491122,3.1797165e-07,0.9445170619050682
0.19591122,3.1790977e-07,0.9443332508143917
0.19691122,3.178506e-07,0.9441574896276542
0.19791122,3.1779406e-07,0.9439895407093147
0.19891122,3.1774003e-07,0.9438290476060625
0.19991122,3.1768842e-07,0.9436757429779143
0.20091122,3.1763912e-07,0.9435293000760018
0.20271122,3.175558e-07,0.9432818026604368
0.20361122,3.1751675e-07,0.9431658068121673
0.20451122,3.1747937e-07,0.9430547716058084
0.20541122,3.1744361e-07,0.9429485485191473
0.20631122,3.174094e-07,0.9428469296210858
0.20731122,3.1737324e-07,0.9427395183567217
0.20831122,3.1733884e-07,0.9426373350742512
0.20931122,3.1730616e-07,0.9425402609559044
0.21031122,3.1727514e-07,0.9424481177750255
0.21131122,3.1724571e-07,0.9423606976005167
0.21231122,3.1721782e-07,0.942277851910165
0.21331122,3.171914e-07,0.9421993727728722
0.21431122,3.171664e-07,0.9421251116664257
0.21531122,3.1714277e-07,0.9420549200686124
0.21631122,3.1712046e-07,0.9419886494572196
0.21731122,3.1709942e-07,0.9419261513100342
0.21831122,3.1707959e-07,0.9418672474004008
0.21931122,3.1706094e-07,0.9418118486149917
0.22031122,3.1704341e-07,0.9417597767271515
0.22131122,3.1702696e-07,0.9417109129191096
0.22231122,3.1701154e-07,0.9416651086686533
0.22331122,3.1699713e-07,0.9416223045668977
0.22431122,3.1698366e-07,0.9415822926827442
0.22531122,3.1697111e-07,0.9415450136073081
0.22631122,3.1695943e-07,0.9415103188183762
0.22731122,3.1694859e-07,0.941478119202621
0.22831122,3.1693855e-07,0.9414482959422721
0.22931122,3.1692927e-07,0.9414207302195592
0.23031122,3.1692072e-07,0.9413953329211545
0.23131122,3.1691285e-07,0.9413719555248451
0.23231122,3.1690565e-07,0.9413505683261885
0.23331122,3.1689908e-07,0.9413310525074142
0.23431122,3.1689309e-07,0.9413132595463097
0.23531122,3.1688766e-07,0.9412971300339896
0.23631122,3.1688275e-07,0.9412825451526834
0.23731122,3.1687834e-07,0.9412694454935062
0.23831122,3.168744e-07,0.9412577419431303
0.23931122,3.1687089e-07,0.9412473156837853
0.24031122,3.1686781e-07,0.941238166715471
0.24131122,3.168651e-07,0.9412301168115322
0.24231122,3.1686276e-07,0.9412231659719688
0.24331122,3.1686075e-07,0.9412171953790106
0.24431122,3.1685905e-07,0.9412121456237721
0.24531122,3.1685763e-07,0.941207927592926
0.24631122,3.1685648e-07,0.9412045115820294
0.24731122,3.1685556e-07,0.9412017787733121
0.24831122,3.1685486e-07,0.9411996994623316
0.24931122,3.1685434e-07,0.9411981548313176
0.25021122,3.1685401e-07,0.9411971745847126
0.25111122,3.168538e-07,0.9411965507914184
0.25201122,3.1685369e-07,0.94119622404255
0.25291122,3.1685364e-07,0.9411960755203371
0.25471122,3.1685364e-07,0.9411960755203371
0.25571122,3.1685364e-07,0.9411960755203371
0.25671122,3.1685364e-07,0.9411960755203371
0.25761122,3.1685364e-07,0.9411960755203371
0.25851122,3.1685364e-07,0.9411960755203371
0.25941122,3.1685364e-07,0.9411960755203371
0.26031122,3.1685364e-07,0.9411960755203371
0.26121122,3.1685363e-07,0.9411960458158946
0.26211122,3.1685363e-07,0.9411960458158946
0.26311122,3.1685363e-07,0.9411960458158946
0.26411122,3.1685363e-07,0.9411960458158946
0.26511122,3.1685363e-07,0.9411960458158946
0.26611122,3.1685363e-07,0.9411960458158946
0.26711122,3.1685363e-07,0.9411960458158946
0.26811122,3.1685363e-07,0.9411960458158946
0.26911122,3.1685362e-07,0.9411960161114519
0.27011122,3.1685362e-07,0.9411960161114519
0.27111122,3.1685361e-07,0.9411959864070094
0.27211122,3.168536e-07,0.9411959567025668
0.27311122,3.168536e-07,0.9411959567025668
0.27411122,3.1685358e-07,0.9411958972936817
0.27511122,3.1685357e-07,0.9411958675892391
0.27611122,3.1685356e-07,0.9411958378847964
0.27711122,3.1685355e-07,0.9411958081803539
0.27811122,3.1685353e-07,0.9411957487714687
0.27911122,3.1685351e-07,0.9411956893625836
0.28011122,3.168535e-07,0.9411956596581411
0.28111122,3.1685349e-07,0.9411956299536984
0.28211122,3.1685347e-07,0.9411955705448134
0.28311122,3.1685346e-07,0.9411955408403707
0.28411122,3.1685344e-07,0.9411954814314856
0.28511122,3.1685343e-07,0.9411954517270429
0.28611122,3.1685341e-07,0.9411953923181579
0.28711122,3.168534e-07,0.9411953626137152
0.28811122,3.1685338e-07,0.9411953032048301
0.28911122,3.1685337e-07,0.9411952735003875
0.29011122,3.1685335e-07,0.9411952140915024
0.29111122,3.1685334e-07,0.9411951843870597
0.29211122,3.1685332e-07,0.9411951249781746
0.29311122,3.1685331e-07,0.9411950952737321
0.29411122,3.168533e-07,0.9411950655692894
0.29511122,3.1685329e-07,0.9411950358648469
0.29611122,3.1685328e-07,0.9411950061604043
0.29701122,3.1685326e-07,0.9411949467515192
0.29791122,3.1685324e-07,0.9411948873426339
0.29971122,3.1685321e-07,0.9411947982293062
0.30061122,3.1685321e-07,0.9411947982293062
0.30151122,3.168532e-07,0.9411947685248636
0.30251122,3.1685319e-07,0.9411947388204212
0.30351122,3.1685318e-07,0.9411947091159785
0.30451122,3.1685317e-07,0.9411946794115359
0.30551122,3.1685316e-07,0.9411946497070933
0.30651122,3.1685316e-07,0.9411946497070933
0.30751122,3.1685315e-07,0.9411946200026509
0.30851122,3.1685314e-07,0.9411945902982082
0.30951122,3.1685312e-07,0.9411945308893231
0.31051122,3.1685311e-07,0.9411945011848805
0.31151122,3.168531e-07,0.9411944714804379
0.31251122,3.168531e-07,0.9411944714804379
0.31351122,3.1685309e-07,0.9411944417759953
0.31441122,3.1685309e-07,0.9411944417759953
0.31531122,3.1685307e-07,0.9411943823671102
0.31621122,3.1685307e-07,0.9411943823671102
0.31711122,3.1685307e-07,0.9411943823671102
0.31801122,3.1685306e-07,0.9411943526626676
0.31891122,3.1685306e-07,0.9411943526626676
0.31991122,3.1685306e-07,0.9411943526626676
0.32171122,3.1685304e-07,0.9411942932537823
0.32261122,3.1685304e-07,0.9411942932537823
0.32351122,3.1685304e-07,0.9411942932537823
0.32441122,3.1685304e-07,0.9411942932537823
0.32531122,3.1685304e-07,0.9411942932537823
0.32631122,3.1685303e-07,0.9411942635493399
0.32731122,3.1685303e-07,0.9411942635493399
0.32831122,3.1685303e-07,0.9411942635493399
0.32931122,3.1685303e-07,0.9411942635493399
0.33031122,3.1685303e-07,0.9411942635493399
0.33131122,3.1685303e-07,0.9411942635493399
0.33231122,3.1685303e-07,0.9411942635493399
0.33331122,3.1685303e-07,0.9411942635493399
0.33431122,3.1685303e-07,0.9411942635493399
0.33531122,3.1685303e-07,0.9411942635493399
0.33631122,3.1685303e-07,0.9411942635493399
0.33731122,3.1685303e-07,0.9411942635493399
0.33821122,3.1685303e-07,0.9411942635493399
0.33911122,3.1685303e-07,0.9411942635493399
0.34001122,3.1685302e-07,0.9411942338448972
0.34091122,3.1685302e-07,0.9411942338448972
0.34271122,3.1685302e-07,0.9411942338448972
0.34371122,3.1685302e-07,0.9411942338448972
0.34471122,3.1685302e-07,0.9411942338448972
0.34571122,3.1685302e-07,0.9411942338448972
0.34671122,3.1685302e-07,0.9411942338448972
0.34771122,3.1685301e-07,0.9411942041404546
0.34871122,3.1685301e-07,0.9411942041404546
0.34961122,3.1685301e-07,0.9411942041404546
0.35051122,3.1685301e-07,0.9411942041404546
0.35141122,3.1685301e-07,0.9411942041404546
0.35231122,3.1685301e-07,0.9411942041404546
0.35321122,3.1685301e-07,0.9411942041404546
0.35411122,3.1685301e-07,0.9411942041404546
0.35511122,3.1685301e-07,0.9411942041404546
0.35611122,3.1685301e-07,0.9411942041404546
0.35711122,3.1685301e-07,0.9411942041404546
0.35811122,3.1685301e-07,0.9411942041404546
0.35911122,3.16853e-07,0.9411941744360122
0.36011122,3.16853e-07,0.9411941744360122
0.36111122,3.16853e-07,0.9411941744360122
0.36211122,3.16853e-07,0.9411941744360122
0.36311122,3.16853e-07,0.9411941744360122
0.36411122,3.16853e-07,0.9411941744360122
0.36511122,3.16853e-07,0.9411941744360122
0.36611122,3.1685299e-07,0.9411941447315695
0.36711122,3.1685299e-07,0.9411941447315695
0.36811122,3.1685299e-07,0.9411941447315695
0.36911122,3.1685299e-07,0.9411941447315695
0.37011122,3.1685299e-07,0.9411941447315695
0.37111122,3.1685299e-07,0.9411941447315695
0.37201122,3.1685299e-07,0.9411941447315695
0.37291122,3.1685298e-07,0.9411941150271269
0.37471122,3.1685297e-07,0.9411940853226843
0.37561122,3.1685297e-07,0.9411940853226843
0.37651122,3.1685297e-07,0.9411940853226843
0.37751122,3.1685295e-07,0.9411940259137992
0.37851122,3.1685295e-07,0.9411940259137992
0.37951122,3.1685295e-07,0.9411940259137992
0.38051122,3.1685295e-07,0.9411940259137992
0.38151122,3.1685294e-07,0.9411939962093566
0.38251122,3.1685294e-07,0.9411939962093566
0.38351122,3.1685294e-07,0.9411939962093566
0.38451122,3.1685294e-07,0.9411939962093566
0.38551122,3.1685294e-07,0.9411939962093566
0.38651122,3.1685294e-07,0.9411939962093566
0.38751122,3.1685294e-07,0.9411939962093566
0.38851122,3.1685294e-07,0.9411939962093566
0.38951122,3.1685293e-07,0.9411939665049142
0.39051122,3.1685293e-07,0.9411939665049142
0.39151122,3.1685293e-07,0.9411939665049142
0.39251122,3.1685293e-07,0.9411939665049142
0.39351122,3.1685293e-07,0.9411939665049142
0.39451122,3.1685293e-07,0.9411939665049142
0.39551122,3.1685292e-07,0.9411939368004714
0.39651122,3.1685292e-07,0.9411939368004714
0.39751122,3.1685292e-07,0.9411939368004714
0.39851122,3.1685292e-07,0.9411939368004714
0.39951122,3.1685292e-07,0.9411939368004714
0.40051122,3.1685292e-07,0.9411939368004714
0.40151122,3.1685292e-07,0.9411939368004714
0.40251122,3.1685291e-07,0.9411939070960289
0.40351122,3.168529e-07,0.9411938773915863
0.40451122,3.168529e-07,0.9411938773915863
0.40551122,3.1685289e-07,0.9411938476871436
0.40651122,3.1685289e-07,0.9411938476871436
0.40741122,3.1685289e-07,0.9411938476871436
0.40831122,3.1685289e-07,0.9411938476871436
0.40921122,3.1685289e-07,0.9411938476871436
0.41011122,3.1685289e-07,0.9411938476871436
0.41101122,3.1685289e-07,0.9411938476871436
0.41191122,3.1685288e-07,0.9411938179827012
0.41291122,3.1685288e-07,0.9411938179827012
0.41391122,3.1685288e-07,0.9411938179827012
0.41491122,3.1685288e-07,0.9411938179827012
0.41591122,3.1685288e-07,0.9411938179827012
0.41691122,3.1685288e-07,0.9411938179827012
0.41871122,3.1685286e-07,0.9411937585738159
0.41961122,3.1685286e-07,0.9411937585738159
0.42051122,3.1685286e-07,0.9411937585738159
0.42141122,3.1685286e-07,0.9411937585738159
0.42231122,3.1685286e-07,0.9411937585738159
0.42331122,3.1685285e-07,0.9411937288693734
0.42431122,3.1685285e-07,0.9411937288693734
0.42531122,3.1685285e-07,0.9411937288693734
0.42631122,3.1685284e-07,0.9411936991649309
0.42731122,3.1685283e-07,0.9411936694604882
0.42831122,3.1685283e-07,0.9411936694604882
0.42931122,3.1685283e-07,0.9411936694604882
0.43021122,3.1685283e-07,0.9411936694604882
0.43111122,3.1685283e-07,0.9411936694604882
0.43201122,3.1685283e-07,0.9411936694604882
0.43291122,3.1685283e-07,0.9411936694604882
0.43471122,3.1685282e-07,0.9411936397560456
0.43571122,3.1685282e-07,0.9411936397560456
0.43671122,3.1685282e-07,0.9411936397560456
0.43771122,3.1685282e-07,0.9411936397560456
0.43871122,3.1685282e-07,0.9411936397560456
0.43971122,3.1685282e-07,0.9411936397560456
0.44071122,3.1685281e-07,0.9411936100516032
0.44171122,3.1685281e-07,0.9411936100516032
0.44271122,3.1685281e-07,0.9411936100516032
0.44371122,3.1685281e-07,0.9411936100516032
0.44471122,3.1685281e-07,0.9411936100516032
0.44571122,3.1685281e-07,0.9411936100516032
0.44671122,3.1685281e-07,0.9411936100516032
0.44771122,3.1685281e-07,0.9411936100516032
0.44871122,3.1685281e-07,0.9411936100516032
0.44971122,3.1685281e-07,0.9411936100516032
0.45071122,3.1685281e-07,0.9411936100516032
0.45171122,3.1685281e-07,0.9411936100516032
0.45271122,3.1685281e-07,0.9411936100516032
0.45371122,3.1685281e-07,0.9411936100516032
0.45471122,3.1685281e-07,0.9411936100516032
0.45571122,3.1685281e-07,0.9411936100516032
0.45671122,3.1685281e-07,0.9411936100516032
0.45771122,3.1685281e-07,0.9411936100516032
0.45871122,3.1685281e-07,0.9411936100516032
0.45971122,3.1685281e-07,0.9411936100516032
0.46071122,3.1685281e-07,0.9411936100516032
0.46171122,3.1685281e-07,0.9411936100516032
0.46271122,3.168528e-07,0.9411935803471604
0.46371122,3.168528e-07,0.9411935803471604
0.46471122,3.168528e-07,0.9411935803471604
0.46571122,3.168528e-07,0.9411935803471604
0.46671122,3.168528e-07,0.9411935803471604
0.46771122,3.168528e-07,0.9411935803471604
0.46871122,3.1685279e-07,0.9411935506427179
0.46971122,3.1685278e-07,0.9411935209382754
0.47071122,3.1685277e-07,0.9411934912338329
0.47161122,3.1685277e-07,0.9411934912338329
0.47251122,3.1685276e-07,0.9411934615293902
0.47341122,3.1685275e-07,0.9411934318249476
0.47431122,3.1685275e-07,0.9411934318249476
0.47521122,3.1685275e-07,0.9411934318249476
0.47611122,3.1685275e-07,0.9411934318249476
0.47692122,3.1685275e-07,0.9411934318249476
0.47854122,3.1685275e-07,0.9411934318249476
0.47935122,3.1685275e-07,0.9411934318249476
0.48016122,3.1685275e-07,0.9411934318249476
0.48097122,3.1685275e-07,0.9411934318249476
0.48277122,3.1685275e-07,0.9411934318249476
0.48367122,3.1685275e-07,0.9411934318249476
0.48457122,3.1685275e-07,0.9411934318249476
0.48547122,3.1685275e-07,0.9411934318249476
0.48637122,3.1685275e-07,0.9411934318249476
0.48737122,3.1685275e-07,0.9411934318249476
0.48837122,3.1685275e-07,0.9411934318249476
0.48937122,3.1685274e-07,0.9411934021205051
0.49037122,3.1685274e-07,0.9411934021205051
0.49137122,3.1685274e-07,0.9411934021205051
0.49237122,3.1685274e-07,0.9411934021205051
0.49327122,3.1685274e-07,0.9411934021205051
0.49417122,3.1685274e-07,0.9411934021205051
0.49507122,3.1685274e-07,0.9411934021205051
0.49597122,3.1685274e-07,0.9411934021205051
0.49777122,3.1685274e-07,0.9411934021205051
0.49877122,3.1685274e-07,0.9411934021205051
0.49977122,3.1685274e-07,0.9411934021205051
0.50077122,3.1685274e-07,0.9411934021205051
0.50177122,3.1685274e-07,0.9411934021205051
0.50277122,3.1685274e-07,0.9411934021205051
0.50377122,3.1685274e-07,0.9411934021205051
0.50477122,3.1685273e-07,0.9411933724160624
0.50577122,3.1685273e-07,0.9411933724160624
0.50677122,3.1685273e-07,0.9411933724160624
0.50777122,3.1685273e-07,0.9411933724160624
0.50877122,3.1685273e-07,0.9411933724160624
0.50977122,3.1685273e-07,0.9411933724160624
0.51077122,3.1685273e-07,0.9411933724160624
0.51177122,3.1685273e-07,0.9411933724160624
0.51277122,3.1685272e-07,0.9411933427116199
0.51377122,3.1685272e-07,0.9411933427116199
0.51477122,3.1685272e-07,0.9411933427116199
0.51577122,3.1685272e-07,0.9411933427116199
0.51677122,3.1685272e-07,0.9411933427116199
0.51777122,3.1685272e-07,0.9411933427116199
0.51877122,3.1685272e-07,0.9411933427116199
0.51977122,3.1685272e-07,0.9411933427116199
0.52077122,3.1685272e-07,0.9411933427116199
0.52177122,3.1685272e-07,0.9411933427116199
0.52277122,3.1685272e-07,0.9411933427116199
0.52377122,3.1685272e-07,0.9411933427116199
0.52477122,3.1685272e-07,0.9411933427116199
0.52577122,3.1685272e-07,0.9411933427116199
0.52677122,3.1685272e-07,0.9411933427116199
0.52777122,3.1685272e-07,0.9411933427116199
0.52877122,3.1685272e-07,0.9411933427116199
0.52977122,3.1685272e-07,0.9411933427116199
0.53077122,3.1685272e-07,0.9411933427116199
0.53177122,3.1685271e-07,0.9411933130071773
0.53277122,3.1685271e-07,0.9411933130071773
0.53377122,3.1685271e-07,0.9411933130071773
0.53477122,3.1685271e-07,0.9411933130071773
0.53577122,3.1685271e-07,0.9411933130071773
0.53677122,3.168527e-07,0.9411932833027347
0.53777122,3.168527e-07,0.9411932833027347
0.53877122,3.168527e-07,0.9411932833027347
0.53977122,3.168527e-07,0.9411932833027347
0.54077122,3.1685269e-07,0.9411932535982922
0.54177122,3.1685269e-07,0.9411932535982922
0.54277122,3.1685269e-07,0.9411932535982922
0.54377122,3.1685269e-07,0.9411932535982922
0.54477122,3.1685268e-07,0.9411932238938496
0.54577122,3.1685268e-07,0.9411932238938496
0.54677122,3.1685267e-07,0.941193194189407
0.54777122,3.1685267e-07,0.941193194189407
0.54877122,3.1685267e-07,0.941193194189407
0.54977122,3.1685267e-07,0.941193194189407
0.55077122,3.1685267e-07,0.941193194189407
0.55177122,3.1685267e-07,0.941193194189407
0.55277122,3.1685267e-07,0.941193194189407
0.55377122,3.1685267e-07,0.941193194189407
0.55477122,3.1685266e-07,0.9411931644849644
0.55577122,3.1685266e-07,0.9411931644849644
0.55677122,3.1685266e-07,0.9411931644849644
0.55777122,3.1685266e-07,0.9411931644849644
0.55867122,3.1685265e-07,0.9411931347805219
0.55957122,3.1685265e-07,0.9411931347805219
0.56047122,3.1685265e-07,0.9411931347805219
0.56137122,3.1685265e-07,0.9411931347805219
0.56227122,3.1685264e-07,0.9411931050760792
0.56317122,3.1685264e-07,0.9411931050760792
0.56417122,3.1685264e-07,0.9411931050760792
0.56517122,3.1685264e-07,0.9411931050760792
0.56617122,3.1685264e-07,0.9411931050760792
0.56717122,3.1685264e-07,0.9411931050760792
0.56817122,3.1685263e-07,0.9411930753716367
0.56917122,3.1685263e-07,0.9411930753716367
0.57017122,3.1685263e-07,0.9411930753716367
0.57117122,3.1685263e-07,0.9411930753716367
0.57217122,3.1685262e-07,0.9411930456671941
0.57317122,3.1685262e-07,0.9411930456671941
0.57407122,3.1685261e-07,0.9411930159627516
0.57497122,3.168526e-07,0.9411929862583089
0.57677122,3.168526e-07,0.9411929862583089
0.57767122,3.168526e-07,0.9411929862583089
0.57857122,3.1685259e-07,0.9411929565538664
0.57957122,3.1685259e-07,0.9411929565538664
0.58047122,3.1685258e-07,0.9411929268494239
0.58137122,3.1685258e-07,0.9411929268494239
0.58227122,3.1685258e-07,0.9411929268494239
0.58317122,3.1685256e-07,0.9411928674405386
0.58407122,3.1685256e-07,0.9411928674405386
0.58497122,3.1685256e-07,0.9411928674405386
0.58597122,3.1685256e-07,0.9411928674405386
0.58697122,3.1685254e-07,0.9411928080316534
0.58797122,3.1685254e-07,0.9411928080316534
0.58897122,3.1685254e-07,0.9411928080316534
0.58997122,3.1685253e-07,0.9411927783272109
0.59097122,3.1685253e-07,0.9411927783272109
0.59277122,3.1685252e-07,0.9411927486227684
0.59367122,3.1685251e-07,0.9411927189183257
0.59457122,3.1685251e-07,0.9411927189183257
0.59547122,3.1685251e-07,0.9411927189183257
0.59620022,3.168525e-07,0.9411926892138831
0.59692922,3.168525e-07,0.9411926892138831
0.59838722,3.168525e-07,0.9411926892138831
0.59911622,3.1685249e-07,0.9411926595094406
0.60065522,3.1685249e-07,0.9411926595094406
0.60146522,3.1685248e-07,0.941192629804998
0.60227522,3.1685248e-07,0.941192629804998
0.60308522,3.1685247e-07,0.9411926001005554
0.60470522,3.1685239e-07,0.9411923624650148
0.60560522,3.1685238e-07,0.9411923327605721
0.60650522,3.1685234e-07,0.941192213942802
0.60740522,3.1685233e-07,0.9411921842383594
0.60830522,3.1685233e-07,0.9411921842383594
0.60920522,3.1685233e-07,0.9411921842383594
0.61010522,3.1685233e-07,0.9411921842383594
0.61172522,3.1685232e-07,0.9411921545339167
0.61253522,3.168523e-07,0.9411920951250317
0.61334522,3.168523e-07,0.9411920951250317
0.61415522,3.168523e-07,0.9411920951250317
0.61496522,3.1685229e-07,0.941192065420589
0.61658522,3.1685228e-07,0.9411920357161464
0.61739522,3.1685228e-07,0.9411920357161464
0.61820522,3.1685228e-07,0.9411920357161464
0.61901522,3.1685227e-07,0.9411920060117038
0.62072522,3.1685227e-07,0.9411920060117038
0.62162522,3.1685226e-07,0.9411919763072611
0.62252522,3.1685225e-07,0.9411919466028187
0.62342522,3.1685225e-07,0.9411919466028187
0.62432522,3.1685225e-07,0.9411919466028187
0.62522522,3.1685225e-07,0.9411919466028187
0.62622522,3.1685225e-07,0.9411919466028187
0.62722522,3.1685224e-07,0.9411919168983761
0.62822522,3.1685224e-07,0.9411919168983761
0.62922522,3.1685224e-07,0.9411919168983761
0.63022522,3.1685223e-07,0.9411918871939337
0.63122522,3.1685222e-07,0.941191857489491
0.63222522,3.1685221e-07,0.9411918277850484
0.63322522,3.1685221e-07,0.9411918277850484
0.63422522,3.168522e-07,0.9411917980806058
0.63522522,3.1685219e-07,0.9411917683761631
0.63612522,3.1685219e-07,0.9411917683761631
0.63702522,3.1685219e-07,0.9411917683761631
0.63864522,3.1685216e-07,0.9411916792628354
0.63945522,3.1685216e-07,0.9411916792628354
0.64018422,3.1685215e-07,0.9411916495583929
0.64164222,3.1685211e-07,0.9411915307406227
0.64237122,3.168521e-07,0.94119150103618
0.64310022,3.168521e-07,0.94119150103618
0.64463922,3.1685209e-07,0.9411914713317374
0.64544922,3.1685209e-07,0.9411914713317374
0.64625922,3.1685209e-07,0.9411914713317374
0.64706922,3.1685209e-07,0.9411914713317374
0.64868922,3.1685208e-07,0.9411914416272948
0.64958922,3.1685208e-07,0.9411914416272948
0.65048922,3.1685208e-07,0.9411914416272948
0.65138922,3.1685207e-07,0.9411914119228524
0.65228922,3.1685207e-07,0.9411914119228524
0.65318922,3.1685207e-07,0.9411914119228524
0.65408922,3.1685207e-07,0.9411914119228524
0.65508922,3.1685207e-07,0.9411914119228524
0.65608922,3.1685206e-07,0.9411913822184097
0.65708922,3.1685206e-07,0.9411913822184097
0.65870922,3.1685205e-07,0.9411913525139671
0.65951922,3.1685205e-07,0.9411913525139671
0.66032922,3.1685205e-07,0.9411913525139671
0.66113922,3.1685205e-07,0.9411913525139671
0.66194922,3.1685205e-07,0.9411913525139671
0.66356922,3.1685202e-07,0.9411912634006394
0.66437922,3.1685202e-07,0.9411912634006394
0.66518922,3.1685201e-07,0.9411912336961968
0.66599922,3.1685201e-07,0.9411912336961968
0.66770922,3.1685201e-07,0.9411912336961968
0.66860922,3.16852e-07,0.9411912039917542
0.66950922,3.16852e-07,0.9411912039917542
0.67040922,3.16852e-07,0.9411912039917542
0.67130922,3.1685199e-07,0.9411911742873117
0.67211922,3.1685199e-07,0.9411911742873117
0.67292922,3.1685199e-07,0.9411911742873117
0.67454922,3.1685199e-07,0.9411911742873117
0.67535922,3.1685199e-07,0.9411911742873117
0.67616922,3.1685199e-07,0.9411911742873117
0.67706922,3.1685199e-07,0.9411911742873117
0.67796922,3.1685198e-07,0.9411911445828691
0.67976922,3.1685198e-07,0.9411911445828691
0.68066922,3.1685198e-07,0.9411911445828691
0.68156922,3.1685197e-07,0.9411911148784264
0.68256922,3.1685197e-07,0.9411911148784264
0.68356922,3.1685197e-07,0.9411911148784264
0.68456922,3.1685197e-07,0.9411911148784264
0.68546922,3.1685196e-07,0.9411910851739839
0.68636922,3.1685196e-07,0.9411910851739839
0.68726922,3.1685196e-07,0.9411910851739839
0.68816922,3.1685196e-07,0.9411910851739839
0.68897922,3.1685195e-07,0.9411910554695414
0.69059922,3.1685195e-07,0.9411910554695414
0.69140922,3.1685194e-07,0.9411910257650987
0.69221922,3.1685194e-07,0.9411910257650987
0.69302922,3.1685194e-07,0.9411910257650987
0.69392922,3.1685194e-07,0.9411910257650987
0.69572922,3.1685194e-07,0.9411910257650987
0.69662922,3.1685194e-07,0.9411910257650987
0.69752922,3.1685193e-07,0.9411909960606561
0.69842922,3.1685193e-07,0.9411909960606561
0.69942922,3.1685193e-07,0.9411909960606561
0.70042922,3.1685193e-07,0.9411909960606561
0.70142922,3.1685192e-07,0.9411909663562137
0.70242922,3.1685192e-07,0.9411909663562137
0.70342922,3.1685192e-07,0.9411909663562137
0.70442922,3.1685192e-07,0.9411909663562137
0.70542922,3.1685192e-07,0.9411909663562137
0.70642922,3.1685192e-07,0.9411909663562137
0.70742922,3.1685192e-07,0.9411909663562137
0.70842922,3.1685192e-07,0.9411909663562137
0.70942922,3.1685191e-07,0.9411909366517709
0.71042922,3.1685191e-07,0.9411909366517709
0.71142922,3.1685191e-07,0.9411909366517709
0.71242922,3.168519e-07,0.9411909069473284
0.71342922,3.1685189e-07,0.9411908772428859
0.71442922,3.1685189e-07,0.9411908772428859
0.71542922,3.1685189e-07,0.9411908772428859
0.71642922,3.1685188e-07,0.9411908475384434
0.71732922,3.1685188e-07,0.9411908475384434
0.71822922,3.1685188e-07,0.9411908475384434
0.71912922,3.1685188e-07,0.9411908475384434
0.72002922,3.1685188e-07,0.9411908475384434
0.72092922,3.1685188e-07,0.9411908475384434
0.72263922,3.1685187e-07,0.9411908178340007
0.72344922,3.1685187e-07,0.9411908178340007
0.72425922,3.1685187e-07,0.9411908178340007
0.72506922,3.1685187e-07,0.9411908178340007
0.72668922,3.1685187e-07,0.9411908178340007
0.72758922,3.1685186e-07,0.9411907881295581
0.72848922,3.1685186e-07,0.9411907881295581
0.72938922,3.1685186e-07,0.9411907881295581
0.73028922,3.1685186e-07,0.9411907881295581
0.73118922,3.1685186e-07,0.9411907881295581
0.73208922,3.1685186e-07,0.9411907881295581
0.73308922,3.1685186e-07,0.9411907881295581
0.73408922,3.1685185e-07,0.9411907584251156
0.73508922,3.1685185e-07,0.9411907584251156
0.73608922,3.1685185e-07,0.9411907584251156
0.73708922,3.1685185e-07,0.9411907584251156
0.73808922,3.1685185e-07,0.9411907584251156
0.73908922,3.1685185e-07,0.9411907584251156
0.74008922,3.1685184e-07,0.9411907287206729
0.74108922,3.1685184e-07,0.9411907287206729
0.74208922,3.1685184e-07,0.9411907287206729
0.74308922,3.1685184e-07,0.9411907287206729
0.74408922,3.1685184e-07,0.9411907287206729
0.74508922,3.1685184e-07,0.9411907287206729
0.74608922,3.1685183e-07,0.9411906990162304
0.74708922,3.1685183e-07,0.9411906990162304
0.74808922,3.1685183e-07,0.9411906990162304
0.74908922,3.1685183e-07,0.9411906990162304
0.75008922,3.1685183e-07,0.9411906990162304
0.75108922,3.1685183e-07,0.9411906990162304
0.75208922,3.1685182e-07,0.9411906693117879
0.75308922,3.1685182e-07,0.9411906693117879
0.75408922,3.1685182e-07,0.9411906693117879
0.75508922,3.1685182e-07,0.9411906693117879
0.75608922,3.168518e-07,0.9411906099029027
0.75708922,3.1685177e-07,0.9411905207895749
0.75808922,3.1685177e-07,0.9411905207895749
0.75908922,3.1685177e-07,0.9411905207895749
0.76008922,3.1685177e-07,0.9411905207895749
0.76108922,3.1685176e-07,0.9411904910851324
0.76208922,3.1685175e-07,0.9411904613806897
0.76308922,3.1685174e-07,0.9411904316762472
0.76408922,3.1685173e-07,0.9411904019718046
0.76508922,3.1685173e-07,0.9411904019718046
0.76608922,3.1685173e-07,0.9411904019718046
0.76708922,3.1685173e-07,0.9411904019718046
0.76808922,3.1685172e-07,0.9411903722673619
0.76898922,3.1685172e-07,0.9411903722673619
0.77078922,3.1685171e-07,0.9411903425629194
0.77168922,3.1685171e-07,0.9411903425629194
0.77258922,3.1685171e-07,0.9411903425629194
0.77348922,3.168517e-07,0.9411903128584769
0.77429922,3.168517e-07,0.9411903128584769
0.77510922,3.1685169e-07,0.9411902831540344
0.77591922,3.1685168e-07,0.9411902534495917
0.77753922,3.1685167e-07,0.9411902237451492
0.77834922,3.1685167e-07,0.9411902237451492
0.77924922,3.1685167e-07,0.9411902237451492
0.78014922,3.1685166e-07,0.9411901940407066
0.78104922,3.1685166e-07,0.9411901940407066
0.78194922,3.1685165e-07,0.9411901643362639
0.78374922,3.1685165e-07,0.9411901643362639
0.78455922,3.1685164e-07,0.9411901346318214
0.78536922,3.1685164e-07,0.9411901346318214
0.78617922,3.1685163e-07,0.9411901049273789
0.78698922,3.1685163e-07,0.9411901049273789
0.78844722,3.1685162e-07,0.9411900752229362
0.78917622,3.1685162e-07,0.9411900752229362
0.79063422,3.1685161e-07,0.9411900455184936
0.79136322,3.1685161e-07,0.9411900455184936
0.79217322,3.168516e-07,0.9411900158140512
0.79298322,3.168516e-07,0.9411900158140512
0.79460322,3.1685157e-07,0.9411899267007234
0.79541322,3.1685156e-07,0.9411898969962808
0.79622322,3.1685156e-07,0.9411898969962808
0.79712322,3.1685154e-07,0.9411898375873956
0.79802322,3.1685153e-07,0.9411898078829531
0.79892322,3.1685153e-07,0.9411898078829531
0.80072322,3.1685148e-07,0.9411896593607402
0.80162322,3.1685147e-07,0.9411896296562976
0.80262322,3.1685147e-07,0.9411896296562976
0.80362322,3.1685146e-07,0.9411895999518549
0.80462322,3.1685146e-07,0.9411895999518549
0.80562322,3.1685146e-07,0.9411895999518549
0.80662322,3.1685146e-07,0.9411895999518549
0.80762322,3.1685145e-07,0.9411895702474125
0.80862322,3.1685144e-07,0.9411895405429699
0.80962322,3.1685143e-07,0.9411895108385272
0.81062322,3.1685143e-07,0.9411895108385272
0.81162322,3.1685143e-07,0.9411895108385272
0.81262322,3.1685142e-07,0.9411894811340846
0.81362322,3.1685142e-07,0.9411894811340846
0.81462322,3.168514e-07,0.9411894217251995
0.81562322,3.168514e-07,0.9411894217251995
0.81662322,3.1685139e-07,0.9411893920207569
0.81762322,3.1685139e-07,0.9411893920207569
0.81862322,3.1685138e-07,0.9411893623163143
0.81962322,3.1685137e-07,0.9411893326118717
0.82062322,3.1685137e-07,0.9411893326118717
0.82162322,3.1685131e-07,0.9411891543852163
0.82262322,3.168513e-07,0.9411891246807736
0.82362322,3.168513e-07,0.9411891246807736
0.82462322,3.168513e-07,0.9411891246807736
0.82562322,3.1685129e-07,0.9411890949763312
0.82662322,3.1685128e-07,0.9411890652718886
0.82762322,3.1685127e-07,0.9411890355674459
0.82862322,3.1685127e-07,0.9411890355674459
0.82962322,3.1685126e-07,0.9411890058630034
0.83062322,3.1685126e-07,0.9411890058630034
0.83162322,3.1685126e-07,0.9411890058630034
0.83252322,3.1685125e-07,0.9411889761585609
0.83342322,3.1685125e-07,0.9411889761585609
0.83415222,3.1685123e-07,0.9411889167496756
0.83561022,3.1685122e-07,0.9411888870452332
0.83633922,3.1685119e-07,0.9411887979319054
0.83706822,3.1685119e-07,0.9411887979319054
0.83860722,3.1685118e-07,0.9411887682274627
0.83941722,3.1685118e-07,0.9411887682274627
0.84022722,3.1685118e-07,0.9411887682274627
0.84103722,3.1685117e-07,0.9411887385230202
0.84265722,3.1685116e-07,0.9411887088185776
0.84355722,3.1685116e-07,0.9411887088185776
0.84445722,3.1685116e-07,0.9411887088185776
0.84535722,3.1685112e-07,0.9411885900008073
0.84625722,3.1685112e-07,0.9411885900008073
0.84715722,3.1685111e-07,0.9411885602963647
0.84805722,3.168511e-07,0.9411885305919222
0.84905722,3.1685109e-07,0.9411885008874796
0.85005722,3.1685108e-07,0.941188471183037
0.85105722,3.1685108e-07,0.941188471183037
0.85205722,3.1685108e-07,0.941188471183037
0.85305722,3.1685108e-07,0.941188471183037
0.85405722,3.1685108e-07,0.941188471183037
0.85505722,3.1685108e-07,0.941188471183037
0.85605722,3.1685108e-07,0.941188471183037
0.85705722,3.1685107e-07,0.9411884414785944
0.85805722,3.1685107e-07,0.9411884414785944
0.85905722,3.1685107e-07,0.9411884414785944
0.86005722,3.1685104e-07,0.9411883523652667
0.86095722,3.1685103e-07,0.9411883226608241
0.86275722,3.1685103e-07,0.9411883226608241
0.86365722,3.1685102e-07,0.9411882929563814
0.86455722,3.1685101e-07,0.9411882632519389
0.86545722,3.1685101e-07,0.9411882632519389
0.86626722,3.16851e-07,0.9411882335474964
0.86707722,3.16851e-07,0.9411882335474964
0.86869722,3.1685099e-07,0.9411882038430539
0.86950722,3.1685099e-07,0.9411882038430539
0.87031722,3.1685099e-07,0.9411882038430539
0.87121722,3.1685099e-07,0.9411882038430539
0.87211722,3.1685099e-07,0.9411882038430539
0.87301722,3.1685098e-07,0.9411881741386112
0.87391722,3.1685098e-07,0.9411881741386112
0.87571722,3.1685096e-07,0.9411881147297261
0.87671722,3.1685096e-07,0.9411881147297261
0.87771722,3.1685096e-07,0.9411881147297261
0.87871722,3.1685096e-07,0.9411881147297261
0.87971722,3.1685096e-07,0.9411881147297261
0.88071722,3.1685096e-07,0.9411881147297261
0.88171722,3.1685096e-07,0.9411881147297261
0.88271722,3.1685095e-07,0.9411880850252834
0.88371722,3.1685095e-07,0.9411880850252834
0.88471722,3.1685095e-07,0.9411880850252834
0.88571722,3.1685095e-07,0.9411880850252834
0.88671722,3.1685094e-07,0.9411880553208409
0.88771722,3.1685094e-07,0.9411880553208409
0.88861722,3.1685094e-07,0.9411880553208409
0.88951722,3.1685094e-07,0.9411880553208409
0.89041722,3.1685093e-07,0.9411880256163984
0.89131722,3.1685093e-07,0.9411880256163984
0.89221722,3.1685093e-07,0.9411880256163984
0.89311722,3.1685093e-07,0.9411880256163984
0.89411722,3.1685093e-07,0.9411880256163984
0.89511722,3.1685093e-07,0.9411880256163984
0.89611722,3.1685092e-07,0.9411879959119557
0.89711722,3.1685092e-07,0.9411879959119557
0.89811722,3.1685092e-07,0.9411879959119557
0.89911722,3.1685092e-07,0.9411879959119557
0.90011722,3.1685092e-07,0.9411879959119557
0.90111722,3.1685091e-07,0.9411879662075132
0.90211722,3.1685091e-07,0.9411879662075132
0.90311722,3.1685091e-07,0.9411879662075132
0.90411722,3.1685091e-07,0.9411879662075132
0.90511722,3.1685091e-07,0.9411879662075132
0.90611722,3.1685091e-07,0.9411879662075132
0.90711722,3.1685091e-07,0.9411879662075132
0.90811722,3.1685091e-07,0.9411879662075132
0.90901722,3.168509e-07,0.9411879365030706
0.90991722,3.1685089e-07,0.941187906798628
0.91171722,3.1685088e-07,0.9411878770941854
0.91261722,3.1685088e-07,0.9411878770941854
0.91351722,3.1685088e-07,0.9411878770941854
0.91451722,3.1685087e-07,0.9411878473897429
0.91551722,3.1685087e-07,0.9411878473897429
0.91651722,3.1685086e-07,0.9411878176853002
0.91751722,3.1685084e-07,0.9411877582764151
0.91851722,3.1685084e-07,0.9411877582764151
0.91951722,3.1685083e-07,0.9411877285719724
0.92041722,3.1685083e-07,0.9411877285719724
0.92131722,3.1685083e-07,0.9411877285719724
0.92221722,3.1685083e-07,0.9411877285719724
0.92311722,3.1685083e-07,0.9411877285719724
0.92401722,3.1685083e-07,0.9411877285719724
0.92491722,3.1685083e-07,0.9411877285719724
0.92591722,3.1685083e-07,0.9411877285719724
0.92691722,3.1685083e-07,0.9411877285719724
0.92791722,3.1685082e-07,0.94118769886753
0.92891722,3.1685082e-07,0.94118769886753
0.92991722,3.1685082e-07,0.94118769886753
0.93091722,3.1685082e-07,0.94118769886753
0.93191722,3.1685082e-07,0.94118769886753
0.93291722,3.1685082e-07,0.94118769886753
0.93391722,3.1685082e-07,0.94118769886753
0.93491722,3.1685081e-07,0.9411876691630874
0.93591722,3.1685081e-07,0.9411876691630874
0.93691722,3.1685079e-07,0.9411876097542022
0.93791722,3.1685079e-07,0.9411876097542022
0.93891722,3.1685078e-07,0.9411875800497597
0.93991722,3.1685078e-07,0.9411875800497597
0.94091722,3.1685077e-07,0.9411875503453171
0.94191722,3.1685077e-07,0.9411875503453171
0.94291722,3.1685077e-07,0.9411875503453171
0.94391722,3.1685077e-07,0.9411875503453171
0.94491722,3.1685077e-07,0.9411875503453171
0.94591722,3.1685077e-07,0.9411875503453171
0.94691722,3.1685076e-07,0.9411875206408744
0.94791722,3.1685074e-07,0.9411874612319894
0.94891722,3.1685074e-07,0.9411874612319894
0.95071722,3.1685071e-07,0.9411873721186617
0.95161722,3.168507e-07,0.941187342414219
0.95251722,3.168507e-07,0.941187342414219
0.95341722,3.168507e-07,0.941187342414219
0.95431722,3.168507e-07,0.941187342414219
0.95512722,3.1685069e-07,0.9411873127097764
0.95593722,3.1685068e-07,0.9411872830053339
0.95755722,3.1685068e-07,0.9411872830053339
0.95836722,3.1685068e-07,0.9411872830053339
0.95917722,3.1685068e-07,0.9411872830053339
0.96007722,3.1685067e-07,0.9411872533008913
0.96097722,3.1685067e-07,0.9411872533008913
0.96277722,3.1685067e-07,0.9411872533008913
0.96367722,3.1685067e-07,0.9411872533008913
0.96457722,3.1685067e-07,0.9411872533008913
0.96557722,3.1685066e-07,0.9411872235964487
0.96657722,3.1685066e-07,0.9411872235964487
0.96757722,3.1685065e-07,0.9411871938920061
0.96857722,3.1685065e-07,0.9411871938920061
0.96957722,3.1685064e-07,0.9411871641875634
0.97057722,3.1685064e-07,0.9411871641875634
0.97157722,3.1685064e-07,0.9411871641875634
0.97257722,3.1685064e-07,0.9411871641875634
0.97357722,3.1685064e-07,0.9411871641875634
0.97457722,3.1685064e-07,0.9411871641875634
0.97557722,3.1685064e-07,0.9411871641875634
0.97657722,3.1685064e-07,0.9411871641875634
0.97747722,3.1685064e-07,0.9411871641875634
0.97837722,3.1685063e-07,0.941187134483121
0.97927722,3.1685063e-07,0.941187134483121
0.98017722,3.1685063e-07,0.941187134483121
0.98107722,3.1685063e-07,0.941187134483121
0.98197722,3.1685063e-07,0.941187134483121
0.98297722,3.1685062e-07,0.9411871047786784
0.98397722,3.1685062e-07,0.9411871047786784
0.98497722,3.1685062e-07,0.9411871047786784
0.98597722,3.1685062e-07,0.9411871047786784
0.98697722,3.1685061e-07,0.9411870750742358
0.98797722,3.1685061e-07,0.9411870750742358
0.98897722,3.168506e-07,0.9411870453697931
0.98997722,3.168506e-07,0.9411870453697931
0.99097722,3.1685059e-07,0.9411870156653507
0.99197722,3.1685058e-07,0.9411869859609081
0.99297722,3.1685058e-07,0.9411869859609081
0.99397722,3.1685057e-07,0.9411869562564654
0.99497722,3.1685056e-07,0.941186926552023
0.99597722,3.1685056e-07,0.941186926552023
0.99697722,3.1685055e-07,0.9411868968475804
0.99797722,3.1685055e-07,0.9411868968475804
0.99897722,3.1685054e-07,0.9411868671431377
0.99997722,3.1685054e-07,0.9411868671431377
1.0017772,3.1685053e-07,0.9411868374386951
1.0026772,3.1685053e-07,0.9411868374386951
1.0035772,3.1685052e-07,0.9411868077342527
1.0044772,3.1685052e-07,0.9411868077342527
1.0053772,3.1685051e-07,0.94118677802981
1.0062772,3.1685049e-07,0.9411867186209248
1.0071772,3.1685048e-07,0.9411866889164822
1.0080772,3.1685048e-07,0.9411866889164822
1.0089772,3.1685047e-07,0.9411866592120397
1.0107772,3.1685047e-07,0.9411866592120397
1.0117772,3.1685047e-07,0.9411866592120397
1.0127772,3.1685046e-07,0.9411866295075971
1.0137772,3.1685046e-07,0.9411866295075971
1.0147772,3.1685045e-07,0.9411865998031547
1.0157772,3.1685045e-07,0.9411865998031547
1.0167772,3.1685043e-07,0.9411865403942694
1.0177772,3.1685043e-07,0.9411865403942694
1.0187772,3.1685042e-07,0.9411865106898268
1.0197772,3.1685042e-07,0.9411865106898268
1.0207772,3.1685041e-07,0.9411864809853842
1.0217772,3.1685041e-07,0.9411864809853842
1.0227772,3.168504e-07,0.9411864512809417
1.0237772,3.168504e-07,0.9411864512809417
1.0247772,3.1685038e-07,0.9411863918720564
1.0257772,3.1685037e-07,0.9411863621676139
1.0267772,3.1685037e-07,0.9411863621676139
1.0277772,3.1685034e-07,0.9411862730542861
1.0287772,3.1685034e-07,0.9411862730542861
1.0296772,3.1685034e-07,0.9411862730542861
1.0305772,3.1685033e-07,0.9411862433498437
1.0314772,3.1685033e-07,0.9411862433498437
1.0323772,3.1685032e-07,0.941186213645401
1.0332772,3.168503e-07,0.9411861542365159
1.0341772,3.1685029e-07,0.9411861245320732
1.0351772,3.1685028e-07,0.9411860948276307
1.0361772,3.1685028e-07,0.9411860948276307
1.0371772,3.1685027e-07,0.9411860651231881
1.0381772,3.1685026e-07,0.9411860354187456
1.0391772,3.1685026e-07,0.9411860354187456
1.0401772,3.1685026e-07,0.9411860354187456
1.0410772,3.1685025e-07,0.9411860057143029
1.0419772,3.1685025e-07,0.9411860057143029
1.0437772,3.1685024e-07,0.9411859760098604
1.0446772,3.1685024e-07,0.9411859760098604
1.0455772,3.1685023e-07,0.9411859463054179
1.0465772,3.1685023e-07,0.9411859463054179
1.0475772,3.1685022e-07,0.9411859166009752
1.0485772,3.1685021e-07,0.9411858868965327
1.0495772,3.1685021e-07,0.9411858868965327
1.0505772,3.1685021e-07,0.9411858868965327
1.0515772,3.168502e-07,0.9411858571920901
1.0525772,3.168502e-07,0.9411858571920901
1.0535772,3.168502e-07,0.9411858571920901
1.0545772,3.168502e-07,0.9411858571920901
1.0555772,3.168502e-07,0.9411858571920901
1.0565772,3.168502e-07,0.9411858571920901
1.0575772,3.168502e-07,0.9411858571920901
1.0585772,3.1685019e-07,0.9411858274876475
1.0595772,3.1685019e-07,0.9411858274876475
1.0605772,3.1685019e-07,0.9411858274876475
1.0615772,3.1685019e-07,0.9411858274876475
1.0625772,3.1685019e-07,0.9411858274876475
1.0635772,3.1685019e-07,0.9411858274876475
1.0644772,3.1685019e-07,0.9411858274876475
1.0653772,3.1685018e-07,0.9411857977832049
1.0662772,3.1685018e-07,0.9411857977832049
1.0671772,3.1685018e-07,0.9411857977832049
1.0680772,3.1685016e-07,0.9411857383743197
1.0689772,3.1685013e-07,0.9411856492609919
1.0699772,3.1685013e-07,0.9411856492609919
1.0709772,3.1685012e-07,0.9411856195565494
1.0719772,3.1685012e-07,0.9411856195565494
1.0729772,3.1685012e-07,0.9411856195565494
1.0739772,3.1685012e-07,0.9411856195565494
1.0749772,3.1685012e-07,0.9411856195565494
1.0759772,3.1685011e-07,0.9411855898521069
1.0769772,3.1685011e-07,0.9411855898521069
1.0779772,3.168501e-07,0.9411855601476642
1.0789772,3.168501e-07,0.9411855601476642
1.0799772,3.168501e-07,0.9411855601476642
1.0809772,3.168501e-07,0.9411855601476642
1.0819772,3.168501e-07,0.9411855601476642
1.0829772,3.168501e-07,0.9411855601476642
1.0839772,3.168501e-07,0.9411855601476642
1.0849772,3.168501e-07,0.9411855601476642
1.0859772,3.168501e-07,0.9411855601476642
1.0869772,3.168501e-07,0.9411855601476642
1.0879772,3.1685009e-07,0.9411855304432217
1.0889772,3.1685009e-07,0.9411855304432217
1.0899772,3.1685009e-07,0.9411855304432217
1.0909772,3.1685009e-07,0.9411855304432217
1.0919772,3.1685009e-07,0.9411855304432217
1.0929772,3.1685009e-07,0.9411855304432217
1.0939772,3.1685009e-07,0.9411855304432217
1.0949772,3.1685008e-07,0.9411855007387792
1.0959772,3.1685008e-07,0.9411855007387792
1.0969772,3.1685008e-07,0.9411855007387792
1.0979772,3.1685007e-07,0.9411854710343366
1.0989772,3.1685007e-07,0.9411854710343366
1.1006872,3.1685006e-07,0.9411854413298939
1.1014972,3.1685005e-07,0.9411854116254514
1.1023072,3.1685005e-07,0.9411854116254514
1.1031172,3.1685004e-07,0.9411853819210089
1.1039272,3.1685004e-07,0.9411853819210089
1.1056372,3.1685004e-07,0.9411853819210089
1.1065372,3.1685003e-07,0.9411853522165662
1.1074372,3.1685003e-07,0.9411853522165662
1.1083372,3.1685003e-07,0.9411853522165662
1.1092372,3.1685003e-07,0.9411853522165662
1.1101372,3.1685003e-07,0.9411853522165662
1.1111372,3.1685002e-07,0.9411853225121236
1.1121372,3.1685002e-07,0.9411853225121236
1.1131372,3.1685002e-07,0.9411853225121236
1.1141372,3.1685002e-07,0.9411853225121236
1.1151372,3.1685002e-07,0.9411853225121236
1.1161372,3.1685002e-07,0.9411853225121236
1.1171372,3.1685002e-07,0.9411853225121236
1.1181372,3.1685002e-07,0.9411853225121236
1.1191372,3.1685001e-07,0.9411852928076812
1.1201372,3.1685001e-07,0.9411852928076812
1.1211372,3.1685001e-07,0.9411852928076812
1.1221372,3.1685e-07,0.9411852631032385
1.1231372,3.1685e-07,0.9411852631032385
1.1241372,3.1685e-07,0.9411852631032385
1.1251372,3.1684997e-07,0.9411851739899108
1.1261372,3.1684997e-07,0.9411851739899108
1.1271372,3.1684996e-07,0.9411851442854682
1.1281372,3.1684996e-07,0.9411851442854682
1.1290372,3.1684996e-07,0.9411851442854682
1.1299372,3.1684996e-07,0.9411851442854682
1.1317372,3.1684996e-07,0.9411851442854682
1.1326372,3.1684996e-07,0.9411851442854682
1.1335372,3.1684995e-07,0.9411851145810256
1.1345372,3.1684995e-07,0.9411851145810256
1.1355372,3.1684995e-07,0.9411851145810256
1.1365372,3.1684995e-07,0.9411851145810256
1.1375372,3.1684995e-07,0.9411851145810256
1.1385372,3.1684995e-07,0.9411851145810256
1.1395372,3.1684995e-07,0.9411851145810256
1.1405372,3.1684994e-07,0.9411850848765829
1.1415372,3.1684994e-07,0.9411850848765829
1.1425372,3.1684994e-07,0.9411850848765829
1.1435372,3.1684994e-07,0.9411850848765829
1.1444372,3.1684992e-07,0.9411850254676979
1.1453372,3.1684992e-07,0.9411850254676979
1.1462372,3.1684992e-07,0.9411850254676979
1.1471372,3.1684992e-07,0.9411850254676979
1.1480372,3.1684991e-07,0.9411849957632554
1.1489372,3.168499e-07,0.9411849660588126
1.1499372,3.168499e-07,0.9411849660588126
1.1509372,3.1684989e-07,0.9411849363543702
1.1519372,3.1684989e-07,0.9411849363543702
1.1529372,3.1684989e-07,0.9411849363543702
1.1539372,3.1684989e-07,0.9411849363543702
1.1549372,3.1684989e-07,0.9411849363543702
1.1559372,3.1684989e-07,0.9411849363543702
1.1569372,3.1684988e-07,0.9411849066499276
1.1579372,3.1684988e-07,0.9411849066499276
1.1589372,3.1684988e-07,0.9411849066499276
1.1599372,3.1684988e-07,0.9411849066499276
1.1609372,3.1684988e-07,0.9411849066499276
1.1619372,3.1684988e-07,0.9411849066499276
1.1637372,3.1684984e-07,0.9411847878321572
1.1646372,3.1684984e-07,0.9411847878321572
1.1655372,3.1684984e-07,0.9411847878321572
1.1664372,3.168498e-07,0.9411846690143869
1.1673372,3.168498e-07,0.9411846690143869
1.1683372,3.168498e-07,0.9411846690143869
1.1693372,3.168498e-07,0.9411846690143869
1.1703372,3.1684979e-07,0.9411846393099444
1.1713372,3.1684979e-07,0.9411846393099444
1.1723372,3.1684979e-07,0.9411846393099444
1.1733372,3.1684979e-07,0.9411846393099444
1.1743372,3.1684976e-07,0.9411845501966166
1.1752372,3.1684975e-07,0.9411845204921739
1.1761372,3.1684974e-07,0.9411844907877315
1.1770372,3.1684973e-07,0.9411844610832889
1.1779372,3.1684972e-07,0.9411844313788463
1.1797372,3.1684971e-07,0.9411844016744036
1.1807372,3.1684971e-07,0.9411844016744036
1.1817372,3.1684969e-07,0.9411843422655186
1.1827372,3.1684968e-07,0.9411843125610759
1.1837372,3.1684962e-07,0.9411841343344205
1.1847372,3.168496e-07,0.9411840749255354
1.1857372,3.1684957e-07,0.9411839858122076
1.1867372,3.1684957e-07,0.9411839858122076
1.1877372,3.1684957e-07,0.9411839858122076
1.1887372,3.1684956e-07,0.941183956107765
1.1896372,3.1684955e-07,0.9411839264033225
1.1905372,3.1684954e-07,0.9411838966988799
1.1914372,3.1684954e-07,0.9411838966988799
1.1923372,3.1684954e-07,0.9411838966988799
1.1931472,3.1684953e-07,0.9411838669944373
1.1939572,3.1684953e-07,0.9411838669944373
1.1955772,3.1684935e-07,0.9411833323144709
1.1963872,3.1684933e-07,0.9411832729055857
1.1971972,3.1684933e-07,0.9411832729055857
1.1980972,3.1684933e-07,0.9411832729055857
1.1989972,3.1684932e-07,0.9411832432011432
1.2007972,3.1684931e-07,0.9411832134967006
1.2016972,3.1684931e-07,0.9411832134967006
1.2025972,3.168493e-07,0.941183183792258
1.2035972,3.168493e-07,0.941183183792258
1.2045972,3.1684929e-07,0.9411831540878154
1.2055972,3.1684929e-07,0.9411831540878154
1.2065972,3.1684929e-07,0.9411831540878154
1.2075972,3.1684929e-07,0.9411831540878154
1.2085972,3.1684928e-07,0.9411831243833729
1.2095972,3.1684928e-07,0.9411831243833729
1.2105972,3.1684925e-07,0.9411830352700451
1.2115972,3.1684924e-07,0.9411830055656024
1.2125972,3.1684924e-07,0.9411830055656024
1.2135972,3.1684922e-07,0.9411829461567174
1.2145972,3.168492e-07,0.9411828867478322
1.2154972,3.1684912e-07,0.9411826491122917
1.2163972,3.1684912e-07,0.9411826491122917
1.2172972,3.1684911e-07,0.941182619407849
1.2181972,3.1684911e-07,0.941182619407849
1.2190972,3.168491e-07,0.9411825897034064
1.2199972,3.168491e-07,0.9411825897034064
1.2216172,3.1684908e-07,0.9411825302945213
1.2224272,3.1684908e-07,0.9411825302945213
1.2232372,3.1684907e-07,0.9411825005900787
1.2240472,3.1684906e-07,0.9411824708856361
1.2257572,3.1684905e-07,0.9411824411811934
1.2266572,3.1684905e-07,0.9411824411811934
1.2275572,3.1684903e-07,0.9411823817723084
1.2284572,3.1684902e-07,0.9411823520678657
1.2292672,3.1684901e-07,0.9411823223634231
1.2300772,3.1684901e-07,0.9411823223634231
1.2316972,3.1684899e-07,0.9411822629545381
1.2325072,3.1684899e-07,0.9411822629545381
1.2333172,3.1684898e-07,0.9411822332500954
1.2342172,3.1684897e-07,0.941182203545653
1.2351172,3.1684896e-07,0.9411821738412104
1.2360172,3.1684895e-07,0.9411821441367677
1.2369172,3.1684895e-07,0.9411821441367677
1.2387172,3.1684895e-07,0.9411821441367677
1.2395272,3.1684895e-07,0.9411821441367677
1.2403372,3.1684894e-07,0.9411821144323251
1.2411472,3.1684894e-07,0.9411821144323251
1.2419572,3.1684892e-07,0.94118205502344
1.2435772,3.1684891e-07,0.9411820253189974
1.2444772,3.1684891e-07,0.9411820253189974
1.2453772,3.1684891e-07,0.9411820253189974
1.2462772,3.1684891e-07,0.9411820253189974
1.2471772,3.168489e-07,0.941181995614555
1.2480772,3.168489e-07,0.941181995614555
1.2489772,3.168489e-07,0.941181995614555
1.2499772,3.168489e-07,0.941181995614555
1.2509772,3.168489e-07,0.941181995614555
1.2519772,3.168489e-07,0.941181995614555
1.2529772,3.168489e-07,0.941181995614555
1.2539772,3.1684889e-07,0.9411819659101122
1.2549772,3.1684888e-07,0.9411819362056697
1.2559772,3.1684888e-07,0.9411819362056697
1.2569772,3.1684888e-07,0.9411819362056697
1.2579772,3.1684888e-07,0.9411819362056697
1.2589772,3.1684888e-07,0.9411819362056697
1.2599772,3.1684886e-07,0.9411818767967844
1.2609772,3.1684886e-07,0.9411818767967844
1.2626872,3.1684882e-07,0.9411817579790142
1.2634972,3.1684882e-07,0.9411817579790142
1.2643072,3.1684882e-07,0.9411817579790142
1.2651172,3.1684882e-07,0.9411817579790142
1.2659272,3.1684882e-07,0.9411817579790142
1.2676372,3.1684882e-07,0.9411817579790142
1.2685372,3.1684882e-07,0.9411817579790142
1.2694372,3.1684882e-07,0.9411817579790142
1.2703372,3.1684882e-07,0.9411817579790142
1.2712372,3.1684881e-07,0.9411817282745717
1.2721372,3.1684881e-07,0.9411817282745717
1.2731372,3.1684881e-07,0.9411817282745717
1.2741372,3.1684881e-07,0.9411817282745717
1.2751372,3.1684881e-07,0.9411817282745717
1.2761372,3.1684881e-07,0.9411817282745717
1.2771372,3.1684881e-07,0.9411817282745717
1.2781372,3.1684881e-07,0.9411817282745717
1.2790372,3.1684881e-07,0.9411817282745717
1.2799372,3.1684881e-07,0.9411817282745717
1.2817372,3.168488e-07,0.9411816985701291
1.2826372,3.168488e-07,0.9411816985701291
1.2835372,3.168488e-07,0.9411816985701291
1.2843472,3.168488e-07,0.9411816985701291
1.2851572,3.1684879e-07,0.9411816688656864
1.2859672,3.1684878e-07,0.941181639161244
1.2875872,3.1684878e-07,0.941181639161244
1.2883972,3.1684878e-07,0.941181639161244
1.2892972,3.1684878e-07,0.941181639161244
1.2901972,3.1684877e-07,0.9411816094568014
1.2910972,3.1684877e-07,0.9411816094568014
1.2919972,3.1684876e-07,0.9411815797523587
1.2937972,3.1684876e-07,0.9411815797523587
1.2946072,3.1684876e-07,0.9411815797523587
1.2954172,3.1684871e-07,0.9411814312301459
1.2962272,3.1684871e-07,0.9411814312301459
1.2970372,3.168487e-07,0.9411814015257032
1.2986572,3.1684867e-07,0.9411813124123755
1.2993862,3.1684866e-07,0.941181282707933
1.3001152,3.1684866e-07,0.941181282707933
1.3015732,3.1684865e-07,0.9411812530034904
1.3023022,3.1684865e-07,0.9411812530034904
1.3030312,3.1684865e-07,0.9411812530034904
1.3046512,3.1684865e-07,0.9411812530034904
1.3054612,3.1684865e-07,0.9411812530034904
1.3062712,3.1684864e-07,0.9411812232990479
1.3070812,3.1684864e-07,0.9411812232990479
1.3087912,3.1684864e-07,0.9411812232990479
1.3096912,3.1684863e-07,0.9411811935946052
1.3105912,3.1684863e-07,0.9411811935946052
1.3114912,3.1684863e-07,0.9411811935946052
1.3123912,3.1684863e-07,0.9411811935946052
1.3132912,3.1684863e-07,0.9411811935946052
1.3142912,3.1684863e-07,0.9411811935946052
1.3152912,3.1684863e-07,0.9411811935946052
1.3162912,3.1684863e-07,0.9411811935946052
1.3172912,3.1684862e-07,0.9411811638901627
1.3182912,3.1684862e-07,0.9411811638901627
1.3191912,3.1684858e-07,0.9411810450723924
1.3200912,3.1684856e-07,0.9411809856635072
1.3209912,3.1684856e-07,0.9411809856635072
1.3227912,3.1684856e-07,0.9411809856635072
1.3236912,3.1684856e-07,0.9411809856635072
1.3246912,3.1684855e-07,0.9411809559590647
1.3256912,3.1684855e-07,0.9411809559590647
1.3266912,3.1684855e-07,0.9411809559590647
1.3275912,3.1684851e-07,0.9411808371412942
1.3284912,3.1684851e-07,0.9411808371412942
1.3293912,3.1684851e-07,0.9411808371412942
1.3302912,3.1684851e-07,0.9411808371412942
1.3311912,3.1684851e-07,0.9411808371412942
1.3320912,3.1684851e-07,0.9411808371412942
1.3330912,3.1684851e-07,0.9411808371412942
1.3340912,3.1684851e-07,0.9411808371412942
1.3350912,3.1684851e-07,0.9411808371412942
1.3360912,3.1684845e-07,0.9411806589146389
1.3370912,3.1684845e-07,0.9411806589146389
1.3380912,3.1684845e-07,0.9411806589146389
1.3390912,3.1684842e-07,0.9411805698013112
1.3400912,3.1684841e-07,0.9411805400968685
1.3410912,3.1684841e-07,0.9411805400968685
1.3420912,3.1684841e-07,0.9411805400968685
1.3430912,3.1684841e-07,0.9411805400968685
1.3447112,3.1684838e-07,0.9411804509835408
1.3455212,3.1684837e-07,0.9411804212790982
1.3463312,3.1684837e-07,0.9411804212790982
1.3471412,3.1684834e-07,0.9411803321657705
1.3479512,3.1684833e-07,0.9411803024613279
1.3497512,3.1684833e-07,0.9411803024613279
1.3506512,3.1684833e-07,0.9411803024613279
1.3515512,3.1684832e-07,0.9411802727568852
1.3524512,3.1684832e-07,0.9411802727568852
1.3533512,3.1684832e-07,0.9411802727568852
1.3543512,3.168483e-07,0.9411802133480002
1.3553512,3.168483e-07,0.9411802133480002
1.3563512,3.168483e-07,0.9411802133480002
1.3573512,3.168483e-07,0.9411802133480002
1.3582512,3.1684829e-07,0.9411801836435576
1.3591512,3.1684828e-07,0.9411801539391149
1.3600512,3.1684828e-07,0.9411801539391149
1.3609512,3.1684827e-07,0.9411801242346725
1.3627512,3.1684827e-07,0.9411801242346725
1.3637512,3.1684827e-07,0.9411801242346725
1.3647512,3.1684826e-07,0.9411800945302299
1.3657512,3.1684825e-07,0.9411800648257872
1.3667512,3.1684824e-07,0.9411800351213446
1.3677512,3.1684824e-07,0.9411800351213446
1.3687512,3.1684821e-07,0.9411799460080169
1.3697512,3.1684821e-07,0.9411799460080169
1.3707512,3.168482e-07,0.9411799163035744
1.3717512,3.1684819e-07,0.9411798865991318
1.3727512,3.1684818e-07,0.9411798568946892
1.3737512,3.1684818e-07,0.9411798568946892
1.3747512,3.1684817e-07,0.9411798271902466
1.3756512,3.1684816e-07,0.9411797974858039
1.3765512,3.1684816e-07,0.9411797974858039
1.3774512,3.1684813e-07,0.9411797083724762
1.3783512,3.1684812e-07,0.9411796786680336
1.3792512,3.1684812e-07,0.9411796786680336
1.3801512,3.1684812e-07,0.9411796786680336
1.3811512,3.1684812e-07,0.9411796786680336
1.3821512,3.1684812e-07,0.9411796786680336
1.3831512,3.1684812e-07,0.9411796786680336
1.3841512,3.168481e-07,0.9411796192591486
1.3851512,3.168481e-07,0.9411796192591486
1.3861512,3.1684808e-07,0.9411795598502635
1.3871512,3.1684808e-07,0.9411795598502635
1.3881512,3.1684808e-07,0.9411795598502635
1.3891512,3.1684805e-07,0.9411794707369356
1.3900512,3.1684803e-07,0.9411794113280505
1.3909512,3.1684802e-07,0.9411793816236079
1.3927512,3.16848e-07,0.9411793222147227
1.3936512,3.16848e-07,0.9411793222147227
1.3945512,3.1684795e-07,0.9411791736925099
1.3955512,3.1684795e-07,0.9411791736925099
1.3965512,3.1684794e-07,0.9411791439880672
1.3975512,3.1684794e-07,0.9411791439880672
1.3985512,3.1684794e-07,0.9411791439880672
1.3995512,3.1684793e-07,0.9411791142836247
1.4005512,3.1684792e-07,0.9411790845791822
1.4015512,3.1684792e-07,0.9411790845791822
1.4025512,3.1684791e-07,0.9411790548747396
1.4034512,3.168479e-07,0.941179025170297
1.4043512,3.1684789e-07,0.9411789954658545
1.4052512,3.1684788e-07,0.9411789657614119
1.4061512,3.1684787e-07,0.9411789360569692
1.4070512,3.1684787e-07,0.9411789360569692
1.4079512,3.1684787e-07,0.9411789360569692
1.4089512,3.1684787e-07,0.9411789360569692
1.4099512,3.1684787e-07,0.9411789360569692
1.4109512,3.1684786e-07,0.9411789063525267
1.4119512,3.1684786e-07,0.9411789063525267
1.4129512,3.1684786e-07,0.9411789063525267
1.4139512,3.1684785e-07,0.9411788766480842
1.4149512,3.1684784e-07,0.9411788469436415
1.4159512,3.1684783e-07,0.9411788172391989
1.4169512,3.1684783e-07,0.9411788172391989
1.4179512,3.1684783e-07,0.9411788172391989
1.4189512,3.1684783e-07,0.9411788172391989
1.4199512,3.1684782e-07,0.9411787875347564
1.4217512,3.1684782e-07,0.9411787875347564
1.4226512,3.1684779e-07,0.9411786984214287
1.4235512,3.1684779e-07,0.9411786984214287
1.4244512,3.1684779e-07,0.9411786984214287
1.4253512,3.1684779e-07,0.9411786984214287
1.4263512,3.1684778e-07,0.941178668716986
1.4273512,3.1684777e-07,0.9411786390125435
1.4283512,3.1684776e-07,0.9411786093081009
1.4293512,3.1684776e-07,0.9411786093081009
1.4303512,3.1684776e-07,0.9411786093081009
1.4312512,3.1684775e-07,0.9411785796036584
1.4321512,3.1684772e-07,0.9411784904903306
1.4330512,3.1684771e-07,0.941178460785888
1.4339512,3.1684771e-07,0.941178460785888
1.4357512,3.168477e-07,0.9411784310814454
1.4367512,3.1684769e-07,0.9411784013770029
1.4377512,3.1684768e-07,0.9411783716725602
1.4387512,3.1684763e-07,0.9411782231503474
1.4397512,3.1684762e-07,0.9411781934459047
1.4407512,3.1684762e-07,0.9411781934459047
1.4417512,3.1684762e-07,0.9411781934459047
1.4427512,3.1684761e-07,0.9411781637414622
1.4437512,3.1684761e-07,0.9411781637414622
1.4447512,3.1684761e-07,0.9411781637414622
1.4457512,3.168476e-07,0.9411781340370197
1.4467512,3.1684759e-07,0.941178104332577
1.4477512,3.1684759e-07,0.941178104332577
1.4487512,3.1684759e-07,0.941178104332577
1.4497512,3.1684758e-07,0.9411780746281344
1.4507512,3.1684757e-07,0.941178044923692
1.4517512,3.1684756e-07,0.9411780152192494
1.4527512,3.1684756e-07,0.9411780152192494
1.4537512,3.1684756e-07,0.9411780152192494
1.4547512,3.1684756e-07,0.9411780152192494
1.4557512,3.1684756e-07,0.9411780152192494
1.4567512,3.1684755e-07,0.9411779855148067
1.4577512,3.1684755e-07,0.9411779855148067
1.4587512,3.1684755e-07,0.9411779855148067
1.4597512,3.1684754e-07,0.9411779558103642
1.4606512,3.1684754e-07,0.9411779558103642
1.4615512,3.1684749e-07,0.9411778072881513
1.4624512,3.1684749e-07,0.9411778072881513
1.4633512,3.1684749e-07,0.9411778072881513
1.4642512,3.1684749e-07,0.9411778072881513
1.4651512,3.1684749e-07,0.9411778072881513
1.4661512,3.1684748e-07,0.9411777775837087
1.4671512,3.1684748e-07,0.9411777775837087
1.4681512,3.1684748e-07,0.9411777775837087
1.4691512,3.1684748e-07,0.9411777775837087
1.4701512,3.1684748e-07,0.9411777775837087
1.4711512,3.1684748e-07,0.9411777775837087
1.4721512,3.1684748e-07,0.9411777775837087
1.4731512,3.1684748e-07,0.9411777775837087
1.4741512,3.1684748e-07,0.9411777775837087
1.4751512,3.1684747e-07,0.9411777478792661
1.4761512,3.1684747e-07,0.9411777478792661
1.4771512,3.1684747e-07,0.9411777478792661
1.4780512,3.1684747e-07,0.9411777478792661
1.4789512,3.1684746e-07,0.9411777181748234
1.4807512,3.1684746e-07,0.9411777181748234
1.4816512,3.1684746e-07,0.9411777181748234
1.4825512,3.1684746e-07,0.9411777181748234
1.4835512,3.1684746e-07,0.9411777181748234
1.4845512,3.1684746e-07,0.9411777181748234
1.4855512,3.1684746e-07,0.9411777181748234
1.4865512,3.1684746e-07,0.9411777181748234
1.4875512,3.1684746e-07,0.9411777181748234
1.4885512,3.1684746e-07,0.9411777181748234
1.4895512,3.1684745e-07,0.941177688470381
1.4904512,3.1684745e-07,0.941177688470381
1.4913512,3.1684745e-07,0.941177688470381
1.4922512,3.1684745e-07,0.941177688470381
1.4931512,3.1684744e-07,0.9411776587659384
1.4940512,3.1684744e-07,0.9411776587659384
1.4949512,3.1684744e-07,0.9411776587659384
1.4959512,3.1684739e-07,0.9411775102437254
1.4969512,3.1684739e-07,0.9411775102437254
1.4979512,3.1684738e-07,0.941177480539283
1.4989512,3.1684738e-07,0.941177480539283
1.4999512,3.1684738e-07,0.941177480539283
1.5009512,3.1684738e-07,0.941177480539283
1.5027512,3.1684737e-07,0.9411774508348404
1.5036512,3.1684737e-07,0.9411774508348404
1.5045512,3.1684737e-07,0.9411774508348404
1.5054512,3.1684737e-07,0.9411774508348404
1.5063512,3.1684736e-07,0.9411774211303977
1.5072512,3.1684736e-07,0.9411774211303977
1.5081512,3.1684736e-07,0.9411774211303977
1.5090512,3.1684736e-07,0.9411774211303977
1.5099512,3.1684736e-07,0.9411774211303977
1.5115712,3.1684735e-07,0.9411773914259551
1.5123002,3.1684735e-07,0.9411773914259551
1.5130292,3.1684735e-07,0.9411773914259551
1.5144872,3.1684731e-07,0.941177272608185
1.5152162,3.168473e-07,0.9411772429037423
1.5159452,3.168473e-07,0.9411772429037423
1.5175652,3.168473e-07,0.9411772429037423
1.5183752,3.1684725e-07,0.9411770943815294
1.5191852,3.1684725e-07,0.9411770943815294
1.5199952,3.1684725e-07,0.9411770943815294
1.5217052,3.1684724e-07,0.9411770646770867
1.5226052,3.1684724e-07,0.9411770646770867
1.5235052,3.1684724e-07,0.9411770646770867
1.5244052,3.1684724e-07,0.9411770646770867
1.5253052,3.1684723e-07,0.9411770349726442
1.5262052,3.1684722e-07,0.9411770052682017
1.5272052,3.1684722e-07,0.9411770052682017
1.5282052,3.1684722e-07,0.9411770052682017
1.5292052,3.1684722e-07,0.9411770052682017
1.5302052,3.1684722e-07,0.9411770052682017
1.5312052,3.1684722e-07,0.9411770052682017
1.5322052,3.1684722e-07,0.9411770052682017
1.5332052,3.1684722e-07,0.9411770052682017
1.5342052,3.1684722e-07,0.9411770052682017
1.5352052,3.1684722e-07,0.9411770052682017
1.5360152,3.168472e-07,0.9411769458593164
1.5376352,3.1684719e-07,0.941176916154874
1.5384452,3.1684718e-07,0.9411768864504314
1.5392552,3.1684714e-07,0.941176767632661
1.5400652,3.1684714e-07,0.941176767632661
1.5409652,3.1684714e-07,0.941176767632661
1.5427652,3.1684714e-07,0.941176767632661
1.5436652,3.1684714e-07,0.941176767632661
1.5445652,3.1684704e-07,0.9411764705882352
1.5454652,3.1684704e-07,0.9411764705882352
1.5464652,3.1684704e-07,0.9411764705882352
1.5474652,3.1684704e-07,0.9411764705882352
1.5484652,3.1684703e-07,0.9411764408837927
1.5494652,3.1684703e-07,0.9411764408837927
1.5504652,3.1684702e-07,0.9411764111793501
1.5513652,3.1684702e-07,0.9411764111793501
1.5522652,3.1684702e-07,0.9411764111793501
1.5531652,3.1684702e-07,0.9411764111793501
1.5540652,3.1684701e-07,0.9411763814749075
1.5549652,3.1684701e-07,0.9411763814749075
1.5568652,3.1684701e-07,0.9411763814749075
1.5578652,3.1684699e-07,0.9411763220660224
1.5588652,3.1684696e-07,0.9411762329526947
1.5598652,3.1684696e-07,0.9411762329526947
1.5607652,3.1684689e-07,0.9411760250215965
1.5616652,3.1684687e-07,0.9411759656127114
1.5625652,3.168468e-07,0.9411757576816134
1.5633752,3.1684679e-07,0.9411757279771708
1.5641852,3.1684678e-07,0.9411756982727282
1.5649952,3.1684677e-07,0.9411756685682857
1.5666152,3.1684675e-07,0.9411756091594005
1.5674252,3.1684674e-07,0.9411755794549579
1.5683252,3.1684674e-07,0.9411755794549579
1.5692252,3.1684674e-07,0.9411755794549579
1.5701252,3.1684674e-07,0.9411755794549579
1.5710252,3.1684674e-07,0.9411755794549579
1.5719252,3.1684674e-07,0.9411755794549579
1.5738252,3.1684673e-07,0.9411755497505152
1.5748252,3.1684673e-07,0.9411755497505152
1.5758252,3.1684672e-07,0.9411755200460727
1.5768252,3.1684672e-07,0.9411755200460727
1.5778252,3.1684671e-07,0.9411754903416302
1.5788252,3.1684669e-07,0.9411754309327449
1.5798252,3.1684665e-07,0.9411753121149747
1.5808252,3.1684663e-07,0.9411752527060895
1.5818252,3.1684662e-07,0.9411752230016469
1.5828252,3.1684658e-07,0.9411751041838766
1.5838252,3.1684657e-07,0.9411750744794339
1.5848252,3.1684657e-07,0.9411750744794339
1.5857252,3.1684656e-07,0.9411750447749915
1.5866252,3.1684656e-07,0.9411750447749915
1.5875252,3.1684655e-07,0.9411750150705489
1.5884252,3.1684654e-07,0.9411749853661062
1.5893252,3.1684653e-07,0.9411749556616638
1.5902252,3.1684653e-07,0.9411749556616638
1.5912252,3.1684653e-07,0.9411749556616638
1.5922252,3.1684653e-07,0.9411749556616638
1.5932252,3.1684651e-07,0.9411748962527785
1.5942252,3.168465e-07,0.9411748665483359
1.5952252,3.168465e-07,0.9411748665483359
1.5962252,3.1684649e-07,0.9411748368438935
1.5972252,3.1684647e-07,0.9411747774350082
1.5982252,3.1684646e-07,0.9411747477305656
1.5992252,3.1684645e-07,0.9411747180261232
1.6002252,3.1684644e-07,0.9411746883216805
1.6012252,3.1684644e-07,0.9411746883216805
1.6022252,3.1684639e-07,0.9411745397994676
1.6032252,3.1684639e-07,0.9411745397994676
1.6042252,3.1684639e-07,0.9411745397994676
1.6051252,3.1684638e-07,0.941174510095025
1.6060252,3.1684637e-07,0.9411744803905825
1.6069252,3.1684637e-07,0.9411744803905825
1.6087252,3.1684637e-07,0.9411744803905825
1.6096252,3.1684636e-07,0.9411744506861399
1.6106252,3.1684634e-07,0.9411743912772547
1.6116252,3.1684633e-07,0.9411743615728122
1.6126252,3.1684631e-07,0.941174302163927
1.6136252,3.168463e-07,0.9411742724594845
1.6146252,3.168463e-07,0.9411742724594845
1.6156252,3.1684626e-07,0.9411741536417142
1.6165252,3.1684626e-07,0.9411741536417142
1.6174252,3.1684625e-07,0.9411741239372715
1.6183252,3.1684625e-07,0.9411741239372715
1.6192252,3.1684625e-07,0.9411741239372715
1.6201252,3.1684624e-07,0.9411740942328289
1.6210252,3.168462e-07,0.9411739754150587
1.6226452,3.1684617e-07,0.9411738863017309
1.6234552,3.1684616e-07,0.9411738565972882
1.6242652,3.1684616e-07,0.9411738565972882
1.6250752,3.1684613e-07,0.9411737674839606
1.6267852,3.1684611e-07,0.9411737080750754
1.6276852,3.1684611e-07,0.9411737080750754
1.6285852,3.1684611e-07,0.9411737080750754
1.6294852,3.1684609e-07,0.9411736486661902
1.6303852,3.1684609e-07,0.9411736486661902
1.6312852,3.1684608e-07,0.9411736189617477
1.6322852,3.1684608e-07,0.9411736189617477
1.6332852,3.1684608e-07,0.9411736189617477
1.6342852,3.1684607e-07,0.9411735892573052
1.6352852,3.1684606e-07,0.9411735595528625
1.6362852,3.1684601e-07,0.9411734110306497
1.6372852,3.16846e-07,0.941173381326207
1.6381852,3.16846e-07,0.941173381326207
1.6390852,3.16846e-07,0.941173381326207
1.6399852,3.16846e-07,0.941173381326207
1.6417852,3.1684598e-07,0.941173321917322
1.6426852,3.1684597e-07,0.9411732922128793
1.6434952,3.1684596e-07,0.9411732625084367
1.6443052,3.1684592e-07,0.9411731436906664
1.6451152,3.1684591e-07,0.9411731139862239
1.6459252,3.1684591e-07,0.9411731139862239
1.6475452,3.168459e-07,0.9411730842817813
1.6484452,3.1684589e-07,0.9411730545773387
1.6493452,3.1684589e-07,0.9411730545773387
1.6502452,3.1684588e-07,0.9411730248728962
1.6511452,3.1684588e-07,0.9411730248728962
1.6520452,3.1684587e-07,0.9411729951684535
1.6536652,3.1684586e-07,0.941172965464011
1.6544752,3.1684585e-07,0.9411729357595684
1.6552852,3.1684584e-07,0.9411729060551257
1.6560952,3.1684584e-07,0.9411729060551257
1.6578052,3.1684582e-07,0.9411728466462407
1.6587052,3.1684581e-07,0.941172816941798
1.6596052,3.1684581e-07,0.941172816941798
1.6605052,3.1684581e-07,0.941172816941798
1.6614052,3.1684579e-07,0.941172757532913
1.6623052,3.1684575e-07,0.9411726387151427
1.6633052,3.1684575e-07,0.9411726387151427
1.6643052,3.1684575e-07,0.9411726387151427
1.6653052,3.1684574e-07,0.9411726090107
1.6661152,3.1684574e-07,0.9411726090107
1.6669252,3.1684573e-07,0.9411725793062574
1.6685452,3.1684573e-07,0.9411725793062574
1.6693552,3.1684572e-07,0.941172549601815
1.6701652,3.1684572e-07,0.941172549601815
1.6710652,3.1684572e-07,0.941172549601815
1.6719652,3.1684572e-07,0.941172549601815
1.6737652,3.168457e-07,0.9411724901929297
1.6746652,3.168457e-07,0.9411724901929297
1.6755652,3.168457e-07,0.9411724901929297
1.6763752,3.1684569e-07,0.9411724604884871
1.6771852,3.1684569e-07,0.9411724604884871
1.6779952,3.1684569e-07,0.9411724604884871
1.6796152,3.1684569e-07,0.9411724604884871
1.6804252,3.1684569e-07,0.9411724604884871
1.6813252,3.1684569e-07,0.9411724604884871
1.6822252,3.1684569e-07,0.9411724604884871
1.6831252,3.1684569e-07,0.9411724604884871
1.6840252,3.1684569e-07,0.9411724604884871
1.6849252,3.1684569e-07,0.9411724604884871
1.6868252,3.1684569e-07,0.9411724604884871
1.6878252,3.1684569e-07,0.9411724604884871
1.6888252,3.1684569e-07,0.9411724604884871
1.6897252,3.1684565e-07,0.9411723416707167
1.6906252,3.1684565e-07,0.9411723416707167
1.6915252,3.1684565e-07,0.9411723416707167
1.6924252,3.1684565e-07,0.9411723416707167
1.6933252,3.1684565e-07,0.9411723416707167
1.6942252,3.1684565e-07,0.9411723416707167
1.6952252,3.1684564e-07,0.9411723119662743
1.6962252,3.1684564e-07,0.9411723119662743
1.6972252,3.1684564e-07,0.9411723119662743
1.6982252,3.1684563e-07,0.9411722822618317
1.6992252,3.1684562e-07,0.941172252557389
1.7002252,3.1684562e-07,0.941172252557389
1.7012252,3.1684562e-07,0.941172252557389
1.7022252,3.1684562e-07,0.941172252557389
1.7032252,3.1684562e-07,0.941172252557389
1.7042252,3.1684562e-07,0.941172252557389
1.7052252,3.1684562e-07,0.941172252557389
1.7062252,3.1684559e-07,0.9411721634440614
1.7072252,3.1684559e-07,0.9411721634440614
1.7082252,3.1684559e-07,0.9411721634440614
1.7092252,3.1684559e-07,0.9411721634440614
1.7102252,3.1684558e-07,0.9411721337396187
1.7112252,3.1684557e-07,0.9411721040351761
1.7122252,3.1684556e-07,0.9411720743307337
1.7132252,3.1684556e-07,0.9411720743307337
1.7141252,3.1684556e-07,0.9411720743307337
1.7150252,3.1684556e-07,0.9411720743307337
1.7159252,3.1684555e-07,0.941172044626291
1.7177252,3.1684555e-07,0.941172044626291
1.7186252,3.1684555e-07,0.941172044626291
1.7196252,3.1684555e-07,0.941172044626291
1.7206252,3.1684555e-07,0.941172044626291
1.7216252,3.1684555e-07,0.941172044626291
1.7226252,3.1684555e-07,0.941172044626291
1.7236252,3.1684554e-07,0.9411720149218484
1.7246252,3.1684554e-07,0.9411720149218484
1.7256252,3.1684554e-07,0.9411720149218484
1.7266252,3.1684554e-07,0.9411720149218484
1.7276252,3.1684554e-07,0.9411720149218484
1.7286252,3.1684553e-07,0.941171985217406
1.7296252,3.1684552e-07,0.9411719555129633
1.7306252,3.1684552e-07,0.9411719555129633
1.7316252,3.1684552e-07,0.9411719555129633
1.7326252,3.1684552e-07,0.9411719555129633
1.7336252,3.1684552e-07,0.9411719555129633
1.7346252,3.1684552e-07,0.9411719555129633
1.7356252,3.1684552e-07,0.9411719555129633
1.7366252,3.1684552e-07,0.9411719555129633
1.7376252,3.1684552e-07,0.9411719555129633
1.7386252,3.1684552e-07,0.9411719555129633
1.7396252,3.1684552e-07,0.9411719555129633
1.7406252,3.1684552e-07,0.9411719555129633
1.7415252,3.1684548e-07,0.941171836695193
1.7424252,3.1684548e-07,0.941171836695193
1.7433252,3.1684548e-07,0.941171836695193
1.7442252,3.1684548e-07,0.941171836695193
1.7451252,3.1684548e-07,0.941171836695193
1.7460252,3.1684548e-07,0.941171836695193
1.7470252,3.1684548e-07,0.941171836695193
1.7480252,3.1684547e-07,0.9411718069907504
1.7490252,3.1684546e-07,0.9411717772863077
1.7500252,3.1684545e-07,0.9411717475818652
1.7510252,3.1684538e-07,0.9411715396507672
1.7520252,3.1684538e-07,0.9411715396507672
1.7530252,3.1684537e-07,0.9411715099463247
1.7540252,3.1684537e-07,0.9411715099463247
1.7550252,3.1684537e-07,0.9411715099463247
1.7560252,3.1684537e-07,0.9411715099463247
1.7570252,3.1684537e-07,0.9411715099463247
1.7580252,3.1684537e-07,0.9411715099463247
1.7590252,3.1684537e-07,0.9411715099463247
1.7600252,3.1684537e-07,0.9411715099463247
1.7610252,3.1684536e-07,0.941171480241882
1.7620252,3.1684536e-07,0.941171480241882
1.7630252,3.1684536e-07,0.941171480241882
1.7640252,3.1684535e-07,0.9411714505374394
1.7650252,3.1684535e-07,0.9411714505374394
1.7660252,3.1684535e-07,0.9411714505374394
1.7670252,3.1684534e-07,0.9411714208329969
1.7680252,3.1684534e-07,0.9411714208329969
1.7689252,3.1684534e-07,0.9411714208329969
1.7707252,3.1684533e-07,0.9411713911285542
1.7716252,3.1684533e-07,0.9411713911285542
1.7725252,3.1684528e-07,0.9411712426063414
1.7734252,3.1684526e-07,0.9411711831974562
1.7744252,3.1684525e-07,0.9411711534930137
1.7754252,3.1684524e-07,0.9411711237885712
1.7764252,3.1684522e-07,0.9411710643796859
1.7774252,3.1684522e-07,0.9411710643796859
1.7784252,3.1684521e-07,0.9411710346752434
1.7794252,3.168452e-07,0.9411710049708008
1.7804252,3.168452e-07,0.9411710049708008
1.7814252,3.1684519e-07,0.9411709752663582
1.7824252,3.1684518e-07,0.9411709455619157
1.7834252,3.1684515e-07,0.9411708564485879
1.7844252,3.1684514e-07,0.9411708267441452
1.7854252,3.1684514e-07,0.9411708267441452
1.7863252,3.1684513e-07,0.9411707970397027
1.7872252,3.1684513e-07,0.9411707970397027
1.7881252,3.1684511e-07,0.9411707376308175
1.7890252,3.168451e-07,0.9411707079263749
1.7899252,3.168451e-07,0.9411707079263749
1.7918252,3.1684509e-07,0.9411706782219325
1.7928252,3.1684509e-07,0.9411706782219325
1.7938252,3.1684508e-07,0.9411706485174898
1.7948252,3.1684507e-07,0.9411706188130472
1.7957252,3.1684505e-07,0.9411705594041622
1.7966252,3.1684502e-07,0.9411704702908344
1.7975252,3.1684502e-07,0.9411704702908344
1.7984252,3.1684502e-07,0.9411704702908344
1.7993252,3.1684501e-07,0.9411704405863918
1.8002252,3.1684501e-07,0.9411704405863918
1.8011252,3.16845e-07,0.9411704108819492
1.8020252,3.1684499e-07,0.9411703811775067
1.8029252,3.1684498e-07,0.941170351473064
1.8047252,3.1684495e-07,0.9411702623597362
1.8056252,3.1684495e-07,0.9411702623597362
1.8066252,3.1684495e-07,0.9411702623597362
1.8076252,3.1684495e-07,0.9411702623597362
1.8086252,3.1684495e-07,0.9411702623597362
1.8096252,3.1684494e-07,0.9411702326552938
1.8106252,3.1684494e-07,0.9411702326552938
1.8116252,3.1684494e-07,0.9411702326552938
1.8126252,3.1684493e-07,0.9411702029508512
1.8136252,3.1684492e-07,0.9411701732464085
1.8146252,3.1684491e-07,0.9411701435419659
1.8156252,3.1684491e-07,0.9411701435419659
1.8166252,3.168449e-07,0.9411701138375235
1.8176252,3.1684488e-07,0.9411700544286382
1.8185252,3.1684481e-07,0.9411698464975402
1.8194252,3.1684481e-07,0.9411698464975402
1.8203252,3.168448e-07,0.9411698167930976
1.8212252,3.1684479e-07,0.941169787088655
1.8221252,3.1684479e-07,0.941169787088655
1.8230252,3.1684478e-07,0.9411697573842125
1.8240252,3.1684478e-07,0.9411697573842125
1.8250252,3.1684477e-07,0.9411697276797699
1.8260252,3.1684477e-07,0.9411697276797699
1.8270252,3.1684476e-07,0.9411696979753272
1.8280252,3.1684475e-07,0.9411696682708848
1.8290252,3.1684475e-07,0.9411696682708848
1.8300252,3.1684475e-07,0.9411696682708848
1.8310252,3.1684475e-07,0.9411696682708848
1.8319252,3.1684464e-07,0.9411693415220165
1.8337252,3.1684462e-07,0.9411692821131312
1.8345352,3.168446e-07,0.941169222704246
1.8353452,3.168446e-07,0.941169222704246
1.8361552,3.1684459e-07,0.9411691929998035
1.8369652,3.1684459e-07,0.9411691929998035
1.8385852,3.1684453e-07,0.941169014773148
1.8394852,3.1684451e-07,0.9411689553642629
1.8403852,3.1684449e-07,0.9411688959553777
1.8412852,3.1684448e-07,0.9411688662509352
1.8421852,3.1684447e-07,0.9411688365464925
1.8430852,3.1684447e-07,0.9411688365464925
1.8439852,3.1684447e-07,0.9411688365464925
1.8449852,3.1684446e-07,0.94116880684205
1.8459852,3.1684445e-07,0.9411687771376074
1.8469852,3.1684445e-07,0.9411687771376074
1.8479852,3.1684444e-07,0.9411687474331647
1.8497852,3.1684442e-07,0.9411686880242797
1.8506852,3.1684436e-07,0.9411685097976242
1.8515852,3.1684435e-07,0.9411684800931815
1.8524852,3.1684435e-07,0.9411684800931815
1.8533852,3.1684435e-07,0.9411684800931815
1.8543852,3.1684434e-07,0.941168450388739
1.8553852,3.1684433e-07,0.9411684206842964
1.8563852,3.1684433e-07,0.9411684206842964
1.8573852,3.1684432e-07,0.9411683909798539
1.8583852,3.1684431e-07,0.9411683612754113
1.8593852,3.1684429e-07,0.9411683018665262
1.8603852,3.1684429e-07,0.9411683018665262
1.8613852,3.1684429e-07,0.9411683018665262
1.8623852,3.1684428e-07,0.9411682721620835
1.8633852,3.1684428e-07,0.9411682721620835
1.8643852,3.1684428e-07,0.9411682721620835
1.8653852,3.1684427e-07,0.941168242457641
1.8662852,3.1684427e-07,0.941168242457641
1.8671852,3.1684427e-07,0.941168242457641
1.8680852,3.1684426e-07,0.9411682127531984
1.8689852,3.1684425e-07,0.9411681830487557
1.8707852,3.1684424e-07,0.9411681533443133
1.8717852,3.1684421e-07,0.9411680642309854
1.8727852,3.1684421e-07,0.9411680642309854
1.8737852,3.168442e-07,0.941168034526543
1.8747852,3.168442e-07,0.941168034526543
1.8757852,3.1684419e-07,0.9411680048221003
1.8767852,3.1684419e-07,0.9411680048221003
1.8777852,3.1684418e-07,0.9411679751176577
1.8787852,3.1684418e-07,0.9411679751176577
1.8797852,3.1684417e-07,0.9411679454132152
1.8807852,3.1684416e-07,0.9411679157087727
1.8817852,3.1684416e-07,0.9411679157087727
1.8827852,3.1684416e-07,0.9411679157087727
1.8837852,3.1684416e-07,0.9411679157087727
1.8846852,3.1684416e-07,0.9411679157087727
1.8855852,3.1684415e-07,0.94116788600433
1.8864852,3.1684415e-07,0.94116788600433
1.8873852,3.1684415e-07,0.94116788600433
1.8882852,3.1684415e-07,0.94116788600433
1.8891852,3.1684415e-07,0.94116788600433
1.8900852,3.1684414e-07,0.9411678562998874
1.8909852,3.1684413e-07,0.941167826595445
1.8927852,3.1684411e-07,0.9411677671865597
1.8936852,3.1684411e-07,0.9411677671865597
1.8945852,3.168441e-07,0.9411677374821172
1.8955852,3.168441e-07,0.9411677374821172
1.8965852,3.168441e-07,0.9411677374821172
1.8975852,3.1684409e-07,0.9411677077776744
1.8985852,3.1684409e-07,0.9411677077776744
1.8995852,3.1684409e-07,0.9411677077776744
1.9005852,3.1684409e-07,0.9411677077776744
1.9015852,3.1684408e-07,0.941167678073232
1.9025852,3.1684408e-07,0.941167678073232
1.9035852,3.1684408e-07,0.941167678073232
1.9045852,3.1684404e-07,0.9411675592554617
1.9055852,3.1684404e-07,0.9411675592554617
1.9065852,3.1684404e-07,0.9411675592554617
1.9074852,3.1684403e-07,0.941167529551019
1.9083852,3.1684403e-07,0.941167529551019
1.9092852,3.1684403e-07,0.941167529551019
1.9101852,3.1684403e-07,0.941167529551019
1.9110852,3.1684403e-07,0.941167529551019
1.9119852,3.1684403e-07,0.941167529551019
1.9129852,3.1684403e-07,0.941167529551019
1.9139852,3.1684402e-07,0.9411674998465764
1.9149852,3.1684402e-07,0.9411674998465764
1.9159852,3.1684402e-07,0.9411674998465764
1.9169852,3.1684402e-07,0.9411674998465764
1.9179852,3.1684402e-07,0.9411674998465764
1.9189852,3.1684401e-07,0.941167470142134
1.9199852,3.1684401e-07,0.941167470142134
1.9209852,3.1684401e-07,0.941167470142134
1.9219852,3.16844e-07,0.9411674404376913
1.9229852,3.16844e-07,0.9411674404376913
1.9239852,3.1684399e-07,0.9411674107332487
1.9249852,3.1684399e-07,0.9411674107332487
1.9259852,3.1684399e-07,0.9411674107332487
1.9269852,3.1684398e-07,0.9411673810288063
1.9279852,3.1684398e-07,0.9411673810288063
1.9289852,3.1684398e-07,0.9411673810288063
1.9299852,3.1684398e-07,0.9411673810288063
1.9317852,3.1684397e-07,0.9411673513243637
1.9326852,3.1684397e-07,0.9411673513243637
1.9335852,3.1684397e-07,0.9411673513243637
1.9344852,3.1684397e-07,0.9411673513243637
1.9353852,3.1684397e-07,0.9411673513243637
1.9363852,3.1684397e-07,0.9411673513243637
1.9373852,3.1684397e-07,0.9411673513243637
1.9383852,3.1684397e-07,0.9411673513243637
1.9393852,3.1684397e-07,0.9411673513243637
1.9403852,3.1684397e-07,0.9411673513243637
1.9413852,3.1684397e-07,0.9411673513243637
1.9423852,3.1684397e-07,0.9411673513243637
1.9433852,3.1684396e-07,0.941167321619921
1.9443852,3.1684396e-07,0.941167321619921
1.9453852,3.1684396e-07,0.941167321619921
1.9463852,3.1684396e-07,0.941167321619921
1.9473852,3.1684396e-07,0.941167321619921
1.9482852,3.1684396e-07,0.941167321619921
1.9491852,3.1684396e-07,0.941167321619921
1.9500852,3.1684396e-07,0.941167321619921
1.9509852,3.1684396e-07,0.941167321619921
1.9527852,3.1684395e-07,0.9411672919154784
1.9537852,3.1684394e-07,0.941167262211036
1.9547852,3.1684393e-07,0.9411672325065933
1.9557852,3.1684393e-07,0.9411672325065933
1.9567852,3.1684393e-07,0.9411672325065933
1.9577852,3.1684393e-07,0.9411672325065933
1.9587852,3.1684393e-07,0.9411672325065933
1.9597852,3.1684393e-07,0.9411672325065933
1.9607852,3.1684393e-07,0.9411672325065933
1.9617852,3.1684393e-07,0.9411672325065933
1.9627852,3.1684393e-07,0.9411672325065933
1.9637852,3.1684393e-07,0.9411672325065933
1.9647852,3.1684393e-07,0.9411672325065933
1.9657852,3.1684391e-07,0.9411671730977081
1.9667852,3.1684391e-07,0.9411671730977081
1.9677852,3.1684391e-07,0.9411671730977081
1.9687852,3.1684391e-07,0.9411671730977081
1.9696852,3.1684389e-07,0.941167113688823
1.9705852,3.1684388e-07,0.9411670839843804
1.9714852,3.1684386e-07,0.9411670245754953
1.9723852,3.1684386e-07,0.9411670245754953
1.9732852,3.1684383e-07,0.9411669354621675
1.9741852,3.1684382e-07,0.941166905757725
1.9751852,3.168438e-07,0.9411668463488397
1.9761852,3.1684379e-07,0.9411668166443972
1.9771852,3.1684378e-07,0.9411667869399547
1.9781852,3.1684378e-07,0.9411667869399547
1.9791852,3.1684377e-07,0.941166757235512
1.9801852,3.1684377e-07,0.941166757235512
1.9811852,3.1684376e-07,0.9411667275310694
1.9821852,3.1684371e-07,0.9411665790088565
1.9831852,3.168437e-07,0.941166549304414
1.9841852,3.1684367e-07,0.9411664601910862
1.9851852,3.1684363e-07,0.941166341373316
1.9861852,3.1684363e-07,0.941166341373316
1.9870852,3.1684363e-07,0.941166341373316
1.9879852,3.1684363e-07,0.941166341373316
1.9897852,3.1684361e-07,0.9411662819644308
1.9906852,3.168436e-07,0.9411662522599882
1.9915852,3.1684359e-07,0.9411662225555457
1.9925852,3.1684353e-07,0.9411660443288902
1.9935852,3.168435e-07,0.9411659552155625
1.9945852,3.168435e-07,0.9411659552155625
1.9955852,3.168435e-07,0.9411659552155625
1.9965852,3.1684348e-07,0.9411658958066772
1.9975852,3.1684348e-07,0.9411658958066772
1.9984852,3.1684347e-07,0.9411658661022347
1.9993852,3.1684347e-07,0.9411658661022347
2.0002852,3.1684347e-07,0.9411658661022347
2.0011852,3.1684346e-07,0.941165836397792
2.0020852,3.1684346e-07,0.941165836397792
2.0029852,3.1684345e-07,0.9411658066933495
2.0039852,3.1684345e-07,0.9411658066933495
2.0049852,3.1684343e-07,0.9411657472844644
2.0059852,3.1684343e-07,0.9411657472844644
2.0069852,3.1684343e-07,0.9411657472844644
2.0079852,3.1684343e-07,0.9411657472844644
2.0089852,3.1684343e-07,0.9411657472844644
2.0099852,3.1684342e-07,0.9411657175800218
2.0109852,3.1684341e-07,0.9411656878755792
2.0119852,3.1684338e-07,0.9411655987622515
2.0137852,3.1684335e-07,0.9411655096489238
2.0146852,3.1684335e-07,0.9411655096489238
2.0155852,3.1684334e-07,0.9411654799444812
2.0164852,3.1684333e-07,0.9411654502400385
2.0173852,3.1684333e-07,0.9411654502400385
2.0183852,3.1684331e-07,0.9411653908311535
2.0192852,3.1684329e-07,0.9411653314222682
2.0201852,3.1684325e-07,0.9411652126044979
2.0210852,3.1684324e-07,0.9411651829000555
2.0219852,3.1684324e-07,0.9411651829000555
2.0237852,3.1684317e-07,0.9411649749689572
2.0247852,3.1684315e-07,0.9411649155600722
2.0257852,3.1684314e-07,0.9411648858556295
2.0267852,3.1684314e-07,0.9411648858556295
2.0277852,3.1684313e-07,0.941164856151187
2.0287852,3.1684312e-07,0.9411648264467445
2.0297852,3.1684311e-07,0.9411647967423018
2.0307852,3.168431e-07,0.9411647670378592
2.0317852,3.168431e-07,0.9411647670378592
2.0327852,3.1684308e-07,0.9411647076289742
2.0337852,3.1684308e-07,0.9411647076289742
2.0347852,3.1684306e-07,0.9411646482200889
2.0357852,3.1684306e-07,0.9411646482200889
2.0366852,3.1684305e-07,0.9411646185156465
2.0375852,3.1684304e-07,0.9411645888112038
2.0384852,3.1684304e-07,0.9411645888112038
2.0393852,3.1684303e-07,0.9411645591067612
2.0402852,3.1684303e-07,0.9411645591067612
2.0411852,3.1684301e-07,0.941164499697876
2.0421852,3.1684301e-07,0.941164499697876
2.0431852,3.1684299e-07,0.9411644402889909
2.0441852,3.1684299e-07,0.9411644402889909
2.0451852,3.1684298e-07,0.9411644105845482
2.0461852,3.1684298e-07,0.9411644105845482
2.0471852,3.1684297e-07,0.9411643808801058
2.0481852,3.1684297e-07,0.9411643808801058
2.0491852,3.1684297e-07,0.9411643808801058
2.0501852,3.1684296e-07,0.9411643511756632
2.0511852,3.1684296e-07,0.9411643511756632
2.0521852,3.1684296e-07,0.9411643511756632
2.0531852,3.1684295e-07,0.9411643214712205
2.0541852,3.1684292e-07,0.9411642323578928
2.0551852,3.1684292e-07,0.9411642323578928
2.0561852,3.1684291e-07,0.9411642026534502
2.0571852,3.1684291e-07,0.9411642026534502
2.0580852,3.1684289e-07,0.9411641432445652
2.0589852,3.1684288e-07,0.9411641135401225
2.0607852,3.1684287e-07,0.94116408383568
2.0616852,3.1684285e-07,0.9411640244267948
2.0625852,3.1684285e-07,0.9411640244267948
2.0635852,3.1684285e-07,0.9411640244267948
2.0645852,3.1684285e-07,0.9411640244267948
2.0655852,3.1684284e-07,0.9411639947223522
2.0665852,3.1684283e-07,0.9411639650179097
2.0675852,3.1684282e-07,0.941163935313467
2.0685852,3.1684282e-07,0.941163935313467
2.0695852,3.1684282e-07,0.941163935313467
2.0705852,3.1684281e-07,0.9411639056090245
2.0715852,3.1684279e-07,0.9411638462001393
2.0725852,3.1684278e-07,0.9411638164956967
2.0735852,3.1684276e-07,0.9411637570868115
2.0745852,3.1684275e-07,0.941163727382369
2.0755852,3.1684275e-07,0.941163727382369
2.0765852,3.1684275e-07,0.941163727382369
2.0775852,3.1684275e-07,0.941163727382369
2.0785852,3.1684274e-07,0.9411636976779265
2.0795852,3.1684274e-07,0.9411636976779265
2.0805852,3.1684273e-07,0.9411636679734838
2.0815852,3.1684273e-07,0.9411636679734838
2.0825852,3.1684272e-07,0.9411636382690413
2.0835852,3.1684272e-07,0.9411636382690413
2.0845852,3.1684272e-07,0.9411636382690413
2.0855852,3.1684272e-07,0.9411636382690413
2.0865852,3.1684272e-07,0.9411636382690413
2.0875852,3.1684271e-07,0.9411636085645987
2.0885852,3.1684271e-07,0.9411636085645987
2.0895852,3.1684271e-07,0.9411636085645987
2.0905852,3.1684271e-07,0.9411636085645987
2.0915852,3.1684268e-07,0.941163519451271
2.0925852,3.1684268e-07,0.941163519451271
2.0934852,3.1684268e-07,0.941163519451271
2.0943852,3.1684268e-07,0.941163519451271
2.0952852,3.1684266e-07,0.9411634600423857
2.0961852,3.1684266e-07,0.9411634600423857
2.0970852,3.1684266e-07,0.9411634600423857
2.0979852,3.1684266e-07,0.9411634600423857
2.0989852,3.1684266e-07,0.9411634600423857
2.0999852,3.1684266e-07,0.9411634600423857
2.1016052,3.1684265e-07,0.9411634303379433
2.1024152,3.1684265e-07,0.9411634303379433
2.1032252,3.1684265e-07,0.9411634303379433
2.1040352,3.1684265e-07,0.9411634303379433
2.1057452,3.1684265e-07,0.9411634303379433
2.1066452,3.1684265e-07,0.9411634303379433
2.1075452,3.1684262e-07,0.9411633412246155
2.1084452,3.1684262e-07,0.9411633412246155
2.1093452,3.1684262e-07,0.9411633412246155
2.1102452,3.1684262e-07,0.9411633412246155
2.1112452,3.1684262e-07,0.9411633412246155
2.1122452,3.1684262e-07,0.9411633412246155
2.1132452,3.1684262e-07,0.9411633412246155
2.1142452,3.1684262e-07,0.9411633412246155
2.1152452,3.1684262e-07,0.9411633412246155
2.1162452,3.1684262e-07,0.9411633412246155
2.1172452,3.168426e-07,0.9411632818157303
2.1182452,3.168426e-07,0.9411632818157303
2.1192452,3.168426e-07,0.9411632818157303
2.1202452,3.1684259e-07,0.9411632521112877
2.1212452,3.1684259e-07,0.9411632521112877
2.1222452,3.1684259e-07,0.9411632521112877
2.1232452,3.1684259e-07,0.9411632521112877
2.1242452,3.1684259e-07,0.9411632521112877
2.1252452,3.1684259e-07,0.9411632521112877
2.1262452,3.1684258e-07,0.9411632224068452
2.1271452,3.1684256e-07,0.94116316299796
2.1280452,3.1684256e-07,0.94116316299796
2.1289452,3.1684254e-07,0.941163103589075
2.1307452,3.1684253e-07,0.9411630738846323
2.1316452,3.1684252e-07,0.9411630441801897
2.1326452,3.1684251e-07,0.9411630144757472
2.1336452,3.1684251e-07,0.9411630144757472
2.1346452,3.1684251e-07,0.9411630144757472
2.1356452,3.168425e-07,0.9411629847713046
2.1366452,3.168425e-07,0.9411629847713046
2.1376452,3.168425e-07,0.9411629847713046
2.1386452,3.168425e-07,0.9411629847713046
2.1396452,3.168425e-07,0.9411629847713046
2.1406452,3.168425e-07,0.9411629847713046
2.1416452,3.168425e-07,0.9411629847713046
2.1426452,3.1684249e-07,0.941162955066862
2.1436452,3.1684249e-07,0.941162955066862
2.1445452,3.1684249e-07,0.941162955066862
2.1454452,3.1684249e-07,0.941162955066862
2.1463452,3.1684249e-07,0.941162955066862
2.1472452,3.1684249e-07,0.941162955066862
2.1481452,3.1684249e-07,0.941162955066862
2.1490452,3.1684249e-07,0.941162955066862
2.1500452,3.1684249e-07,0.941162955066862
2.1510452,3.1684249e-07,0.941162955066862
2.1520452,3.1684249e-07,0.941162955066862
2.1530452,3.1684248e-07,0.9411629253624194
2.1540452,3.1684248e-07,0.9411629253624194
2.1550452,3.1684248e-07,0.9411629253624194
2.1560452,3.1684248e-07,0.9411629253624194
2.1570452,3.1684248e-07,0.9411629253624194
2.1580452,3.1684248e-07,0.9411629253624194
2.1590452,3.1684248e-07,0.9411629253624194
2.1600452,3.1684248e-07,0.9411629253624194
2.1610452,3.1684248e-07,0.9411629253624194
2.1620452,3.1684248e-07,0.9411629253624194
2.1630452,3.1684248e-07,0.9411629253624194
2.1640452,3.1684248e-07,0.9411629253624194
2.1650452,3.1684248e-07,0.9411629253624194
2.1660452,3.1684247e-07,0.9411628956579767
2.1670452,3.1684248e-07,0.9411629253624194
2.1680452,3.1684248e-07,0.9411629253624194
2.1690452,3.1684248e-07,0.9411629253624194
2.1700452,3.1684248e-07,0.9411629253624194
2.1710452,3.1684248e-07,0.9411629253624194
2.1719452,3.1684244e-07,0.941162806544649
2.1737452,3.1684244e-07,0.941162806544649
2.1746452,3.1684243e-07,0.9411627768402064
2.1755452,3.1684241e-07,0.9411627174313213
2.1764452,3.1684241e-07,0.9411627174313213
2.1774452,3.1684236e-07,0.9411625689091084
2.1784452,3.168423e-07,0.941162390682453
2.1794452,3.168423e-07,0.941162390682453
2.1804452,3.1684229e-07,0.9411623609780104
2.1814452,3.1684229e-07,0.9411623609780104
2.1824452,3.1684229e-07,0.9411623609780104
2.1834452,3.1684229e-07,0.9411623609780104
2.1844452,3.1684228e-07,0.9411623312735677
2.1854452,3.1684226e-07,0.9411622718646827
2.1864452,3.1684225e-07,0.94116224216024
2.1874452,3.1684224e-07,0.9411622124557975
2.1884452,3.1684223e-07,0.941162182751355
2.1894452,3.1684223e-07,0.941162182751355
2.1904452,3.1684223e-07,0.941162182751355
2.1914452,3.1684223e-07,0.941162182751355
2.1924452,3.1684223e-07,0.941162182751355
2.1934452,3.1684219e-07,0.9411620639335845
2.1944452,3.1684219e-07,0.9411620639335845
2.1954452,3.1684218e-07,0.941162034229142
2.1964452,3.1684218e-07,0.941162034229142
2.1974452,3.1684218e-07,0.941162034229142
2.1984452,3.1684217e-07,0.9411620045246994
2.1994452,3.1684217e-07,0.9411620045246994
2.2003452,3.1684216e-07,0.941161974820257
2.2012452,3.1684215e-07,0.9411619451158143
2.2021452,3.1684214e-07,0.9411619154113717
2.2030452,3.1684212e-07,0.9411618560024865
2.2039452,3.1684212e-07,0.9411618560024865
2.2058452,3.1684204e-07,0.941161618366946
2.2068452,3.1684202e-07,0.9411615589580608
2.2078452,3.1684202e-07,0.9411615589580608
2.2088452,3.1684201e-07,0.9411615292536182
2.2098452,3.16842e-07,0.9411614995491757
2.2108452,3.16842e-07,0.9411614995491757
2.2118452,3.1684199e-07,0.941161469844733
2.2128452,3.1684192e-07,0.941161261913635
2.2138452,3.1684191e-07,0.9411612322091925
2.2148452,3.1684191e-07,0.9411612322091925
2.2158452,3.1684189e-07,0.9411611728003072
2.2168452,3.1684188e-07,0.9411611430958647
2.2178452,3.1684188e-07,0.9411611430958647
2.2188452,3.1684188e-07,0.9411611430958647
2.2198452,3.1684188e-07,0.9411611430958647
2.2208452,3.1684188e-07,0.9411611430958647
2.2218452,3.1684187e-07,0.941161113391422
2.2228452,3.1684187e-07,0.941161113391422
2.2238452,3.1684187e-07,0.941161113391422
2.2248452,3.1684187e-07,0.941161113391422
2.2258452,3.1684187e-07,0.941161113391422
2.2268452,3.1684187e-07,0.941161113391422
2.2278452,3.1684186e-07,0.9411610836869795
2.2286552,3.1684185e-07,0.941161053982537
2.2294652,3.1684185e-07,0.941161053982537
2.2302752,3.1684184e-07,0.9411610242780943
2.2310852,3.1684183e-07,0.9411609945736518
2.2325432,3.1684179e-07,0.9411608757558815
2.2332722,3.1684179e-07,0.9411608757558815
2.2340012,3.1684179e-07,0.9411608757558815
2.2354592,3.1684176e-07,0.9411607866425538
2.2362692,3.1684176e-07,0.9411607866425538
2.2370792,3.1684176e-07,0.9411607866425538
2.2386182,3.1684174e-07,0.9411607272336685
2.2393472,3.1684174e-07,0.9411607272336685
2.2400762,3.1684174e-07,0.9411607272336685
2.2415342,3.1684165e-07,0.9411604598936852
2.2422632,3.1684161e-07,0.9411603410759151
2.2430732,3.1684161e-07,0.9411603410759151
2.2446932,3.1684158e-07,0.9411602519625872
2.2455032,3.1684158e-07,0.9411602519625872
2.2463132,3.1684158e-07,0.9411602519625872
2.2471232,3.1684156e-07,0.9411601925537022
2.2480232,3.1684156e-07,0.9411601925537022
2.2489232,3.1684155e-07,0.9411601628492595
2.2507232,3.1684153e-07,0.9411601034403745
2.2516232,3.1684152e-07,0.9411600737359318
2.2524332,3.1684152e-07,0.9411600737359318
2.2531622,3.168415e-07,0.9411600143270468
2.2546202,3.168415e-07,0.9411600143270468
2.2553492,3.1684148e-07,0.9411599549181615
2.2560782,3.1684146e-07,0.9411598955092765
2.2576172,3.1684146e-07,0.9411598955092765
2.2584272,3.1684142e-07,0.941159776691506
2.2592372,3.1684142e-07,0.941159776691506
2.2600472,3.1684142e-07,0.941159776691506
2.2615052,3.1684139e-07,0.9411596875781783
2.2622342,3.1684139e-07,0.9411596875781783
2.2629632,3.1684139e-07,0.9411596875781783
2.2644212,3.1684138e-07,0.9411596578737358
2.2651502,3.1684136e-07,0.9411595984648505
2.2665353,3.1684134e-07,0.9411595390559655
2.2671914,3.1684134e-07,0.9411595390559655
2.2685036,3.1684117e-07,0.9411590340804415
2.2691597,3.1684117e-07,0.9411590340804415
2.2705448,3.1684112e-07,0.9411588855582287
2.2712738,3.1684112e-07,0.9411588855582287
2.2720028,3.1684112e-07,0.9411588855582287
2.2734608,3.1684108e-07,0.9411587667404585
2.2741898,3.1684108e-07,0.9411587667404585
2.275502,3.1684106e-07,0.9411587073315733
2.2761581,3.1684101e-07,0.9411585588093603
2.2774703,3.1684101e-07,0.9411585588093603
2.2781264,3.1684101e-07,0.9411585588093603
2.2793074,3.1684097e-07,0.94115843999159
2.2804884,3.1684096e-07,0.9411584102871475
2.2810789,3.1684096e-07,0.9411584102871475
2.2823255,3.1684094e-07,0.9411583508782623
2.2829816,3.1684094e-07,0.9411583508782623
2.2842938,3.1684088e-07,0.9411581726516067
2.2849499,3.1684087e-07,0.9411581429471643
2.286335,3.1684082e-07,0.9411579944249513
2.287064,3.1684081e-07,0.9411579647205087
2.288522,3.1684081e-07,0.9411579647205087
2.289251,3.1684081e-07,0.9411579647205087
2.28998,3.1684079e-07,0.9411579053116236
2.2916,3.1684075e-07,0.9411577864938533
2.29241,3.1684071e-07,0.941157667676083
2.29322,3.1684068e-07,0.9411575785627553
2.29403,3.1684068e-07,0.9411575785627553
2.29574,3.1684067e-07,0.9411575488583127
2.29664,3.1684067e-07,0.9411575488583127
2.29754,3.1684067e-07,0.9411575488583127
2.29844,3.1684064e-07,0.941157459744985
2.29934,3.1684063e-07,0.9411574300405423
2.30024,3.1684063e-07,0.9411574300405423
2.30124,3.1684062e-07,0.9411574003360997
2.30224,3.1684062e-07,0.9411574003360997
2.30324,3.1684062e-07,0.9411574003360997
2.30424,3.1684061e-07,0.9411573706316573
2.30524,3.1684059e-07,0.941157311222772
2.30624,3.1684059e-07,0.941157311222772
2.30724,3.1684059e-07,0.941157311222772
2.30814,3.1684059e-07,0.941157311222772
2.30904,3.1684059e-07,0.941157311222772
2.30994,3.1684059e-07,0.941157311222772
2.31174,3.1684058e-07,0.9411572815183294
2.31264,3.1684058e-07,0.9411572815183294
2.31364,3.1684058e-07,0.9411572815183294
2.31464,3.1684058e-07,0.9411572815183294
2.31564,3.1684058e-07,0.9411572815183294
2.31664,3.1684057e-07,0.941157251813887
2.31764,3.1684057e-07,0.941157251813887
2.31864,3.1684055e-07,0.9411571924050017
2.31964,3.1684053e-07,0.9411571329961165
2.32064,3.1684053e-07,0.9411571329961165
2.32164,3.1684052e-07,0.941157103291674
2.32264,3.1684052e-07,0.941157103291674
2.32364,3.1684052e-07,0.941157103291674
2.32464,3.1684052e-07,0.941157103291674
2.32554,3.1684052e-07,0.941157103291674
2.32644,3.1684052e-07,0.941157103291674
2.32734,3.1684052e-07,0.941157103291674
2.32824,3.1684052e-07,0.941157103291674
2.32914,3.1684052e-07,0.941157103291674
2.33004,3.1684052e-07,0.941157103291674
2.33104,3.1684052e-07,0.941157103291674
2.33204,3.1684052e-07,0.941157103291674
2.33304,3.1684051e-07,0.9411570735872314
2.33404,3.1684051e-07,0.9411570735872314
2.33504,3.1684051e-07,0.9411570735872314
2.33604,3.168405e-07,0.9411570438827888
2.33704,3.168405e-07,0.9411570438827888
2.33804,3.168405e-07,0.9411570438827888
2.33904,3.168405e-07,0.9411570438827888
2.34004,3.1684049e-07,0.9411570141783463
2.34104,3.1684049e-07,0.9411570141783463
2.34204,3.1684048e-07,0.9411569844739037
2.34294,3.1684048e-07,0.9411569844739037
2.34474,3.1684048e-07,0.9411569844739037
2.34564,3.1684047e-07,0.941156954769461
2.34654,3.1684047e-07,0.941156954769461
2.34744,3.1684047e-07,0.941156954769461
2.34844,3.1684047e-07,0.941156954769461
2.34944,3.1684047e-07,0.941156954769461
2.35044,3.1684046e-07,0.9411569250650185
2.35144,3.1684046e-07,0.9411569250650185
2.35244,3.1684046e-07,0.9411569250650185
2.35344,3.1684046e-07,0.9411569250650185
2.35444,3.1684045e-07,0.941156895360576
2.35544,3.1684045e-07,0.941156895360576
2.35644,3.1684045e-07,0.941156895360576
2.35744,3.1684045e-07,0.941156895360576
2.35844,3.1684045e-07,0.941156895360576
2.35944,3.1684045e-07,0.941156895360576
2.36044,3.1684045e-07,0.941156895360576
2.36144,3.1684045e-07,0.941156895360576
2.36244,3.1684045e-07,0.941156895360576
2.36344,3.1684045e-07,0.941156895360576
2.36444,3.1684045e-07,0.941156895360576
2.36544,3.1684045e-07,0.941156895360576
2.36644,3.1684045e-07,0.941156895360576
2.36744,3.1684045e-07,0.941156895360576
2.36834,3.1684045e-07,0.941156895360576
2.36924,3.1684044e-07,0.9411568656561333
2.37014,3.1684044e-07,0.9411568656561333
2.37104,3.1684044e-07,0.9411568656561333
2.37194,3.1684044e-07,0.9411568656561333
2.37384,3.1684044e-07,0.9411568656561333
2.37484,3.1684042e-07,0.9411568062472482
2.37584,3.1684042e-07,0.9411568062472482
2.37674,3.1684042e-07,0.9411568062472482
2.37764,3.1684042e-07,0.9411568062472482
2.37854,3.1684042e-07,0.9411568062472482
2.37944,3.1684042e-07,0.9411568062472482
2.38034,3.1684042e-07,0.9411568062472482
2.38124,3.1684041e-07,0.9411567765428055
2.38224,3.1684041e-07,0.9411567765428055
2.38324,3.1684041e-07,0.9411567765428055
2.38424,3.1684038e-07,0.941156687429478
2.38524,3.1684037e-07,0.9411566577250353
2.38624,3.1684037e-07,0.9411566577250353
2.38724,3.1684038e-07,0.941156687429478
2.38824,3.1684038e-07,0.941156687429478
2.38905,3.1684037e-07,0.9411566577250353
2.39067,3.1684031e-07,0.9411564794983798
2.39148,3.1684031e-07,0.9411564794983798
2.39229,3.168403e-07,0.9411564497939372
2.3931,3.168403e-07,0.9411564497939372
2.394,3.1684029e-07,0.9411564200894947
2.3958,3.1684029e-07,0.9411564200894947
2.3967,3.1684029e-07,0.9411564200894947
2.3976,3.1684028e-07,0.941156390385052
2.3985,3.1684026e-07,0.941156330976167
2.3995,3.1684026e-07,0.941156330976167
2.4005,3.1684026e-07,0.941156330976167
2.4015,3.1684026e-07,0.941156330976167
2.4025,3.1684023e-07,0.9411562418628392
2.4035,3.1684018e-07,0.9411560933406262
2.4045,3.1684018e-07,0.9411560933406262
2.4055,3.1684016e-07,0.9411560339317412
2.4065,3.1684014e-07,0.941155974522856
2.4075,3.1684012e-07,0.9411559151139708
2.4085,3.1684003e-07,0.9411556477739877
2.4095,3.1684003e-07,0.9411556477739877
2.4105,3.1684003e-07,0.9411556477739877
2.4114,3.1683999e-07,0.9411555289562172
2.4123,3.1683999e-07,0.9411555289562172
2.4132,3.1683997e-07,0.9411554695473322
2.4141,3.1683996e-07,0.9411554398428895
2.415,3.1683996e-07,0.9411554398428895
2.4169,3.1683995e-07,0.9411554101384471
2.4179,3.1683995e-07,0.9411554101384471
2.4189,3.1683994e-07,0.9411553804340045
2.4199,3.1683993e-07,0.9411553507295618
2.4209,3.1683993e-07,0.9411553507295618
2.4219,3.1683992e-07,0.9411553210251192
2.4229,3.1683992e-07,0.9411553210251192
2.4239,3.1683991e-07,0.9411552913206768
2.4249,3.1683987e-07,0.9411551725029063
2.4259,3.1683985e-07,0.9411551130940212
2.4269,3.1683982e-07,0.9411550239806935
2.4279,3.168398e-07,0.9411549645718083
2.4288,3.168398e-07,0.9411549645718083
2.4297,3.1683979e-07,0.9411549348673658
2.4306,3.1683979e-07,0.9411549348673658
2.4315,3.1683977e-07,0.9411548754584805
2.4324,3.1683977e-07,0.9411548754584805
2.4333,3.1683977e-07,0.9411548754584805
2.43411,3.1683976e-07,0.941154845754038
2.43492,3.1683976e-07,0.941154845754038
2.43654,3.1683976e-07,0.941154845754038
2.43735,3.1683973e-07,0.9411547566407102
2.43816,3.1683972e-07,0.9411547269362678
2.439618,3.1683972e-07,0.9411547269362678
2.440347,3.1683972e-07,0.9411547269362678
2.441076,3.1683967e-07,0.9411545784140548
2.442534,3.1683967e-07,0.9411545784140548
2.443263,3.1683965e-07,0.9411545190051697
2.443992,3.1683959e-07,0.9411543407785142
2.44545,3.1683952e-07,0.941154132847416
2.446179,3.1683951e-07,0.9411541031429735
2.447718,3.168395e-07,0.941154073438531
2.448528,3.1683949e-07,0.9411540437340885
2.449338,3.1683945e-07,0.941153924916318
2.450148,3.1683942e-07,0.9411538358029903
2.450958,3.1683941e-07,0.9411538060985477
2.452668,3.168394e-07,0.9411537763941052
2.453568,3.1683939e-07,0.9411537466896626
2.454468,3.1683939e-07,0.9411537466896626
2.455368,3.1683938e-07,0.94115371698522
2.456268,3.1683938e-07,0.94115371698522
2.457168,3.1683937e-07,0.9411536872807775
2.458168,3.1683937e-07,0.9411536872807775
2.459168,3.1683937e-07,0.9411536872807775
2.460168,3.1683935e-07,0.9411536278718923
2.461168,3.1683934e-07,0.9411535981674497
2.462168,3.1683934e-07,0.9411535981674497
2.463168,3.1683934e-07,0.9411535981674497
2.464168,3.1683934e-07,0.9411535981674497
2.465168,3.1683933e-07,0.941153568463007
2.466168,3.1683932e-07,0.9411535387585646
2.467168,3.1683932e-07,0.9411535387585646
2.468168,3.1683932e-07,0.9411535387585646
2.469168,3.1683931e-07,0.941153509054122
2.470068,3.1683931e-07,0.941153509054122
2.470968,3.1683929e-07,0.9411534496452367
2.472768,3.1683928e-07,0.9411534199407943
2.473668,3.1683928e-07,0.9411534199407943
2.474568,3.1683927e-07,0.9411533902363517
2.475568,3.1683926e-07,0.941153360531909
2.476568,3.1683926e-07,0.941153360531909
2.477568,3.1683926e-07,0.941153360531909
2.478568,3.1683926e-07,0.941153360531909
2.479568,3.1683924e-07,0.941153301123024
2.480568,3.1683924e-07,0.941153301123024
2.481568,3.1683924e-07,0.941153301123024
2.482568,3.1683923e-07,0.9411532714185813
2.483568,3.168392e-07,0.9411531823052536
2.484468,3.1683919e-07,0.941153152600811
2.485368,3.1683919e-07,0.941153152600811
2.486178,3.1683919e-07,0.941153152600811
2.486988,3.1683919e-07,0.941153152600811
2.488608,3.1683915e-07,0.9411530337830407
2.489418,3.1683909e-07,0.9411528555563853
2.490228,3.1683908e-07,0.9411528258519427
2.491128,3.1683907e-07,0.9411527961475
2.492028,3.1683907e-07,0.9411527961475
2.492928,3.1683907e-07,0.9411527961475
2.494728,3.1683906e-07,0.9411527664430576
2.495628,3.1683903e-07,0.9411526773297297
2.496628,3.1683898e-07,0.9411525288075168
2.497628,3.1683897e-07,0.9411524991030743
2.498628,3.1683896e-07,0.9411524693986317
2.499628,3.1683896e-07,0.9411524693986317
2.500528,3.1683896e-07,0.9411524693986317
2.501428,3.1683895e-07,0.9411524396941893
2.502328,3.1683894e-07,0.9411524099897466
2.503228,3.1683892e-07,0.9411523505808614
2.504128,3.1683892e-07,0.9411523505808614
2.505028,3.1683891e-07,0.9411523208764188
2.506028,3.1683891e-07,0.9411523208764188
2.507028,3.1683891e-07,0.9411523208764188
2.508028,3.1683891e-07,0.9411523208764188
2.509028,3.168389e-07,0.9411522911719763
2.510028,3.168389e-07,0.9411522911719763
2.511028,3.1683889e-07,0.9411522614675337
2.511928,3.1683889e-07,0.9411522614675337
2.513728,3.1683885e-07,0.9411521426497633
2.514628,3.1683885e-07,0.9411521426497633
2.515528,3.1683885e-07,0.9411521426497633
2.516428,3.1683885e-07,0.9411521426497633
2.517428,3.1683884e-07,0.9411521129453208
2.518428,3.1683884e-07,0.9411521129453208
2.519428,3.1683884e-07,0.9411521129453208
2.520428,3.1683884e-07,0.9411521129453208
2.521428,3.1683884e-07,0.9411521129453208
2.522428,3.1683883e-07,0.9411520832408783
2.523428,3.1683883e-07,0.9411520832408783
2.524428,3.1683882e-07,0.9411520535364356
2.525428,3.1683882e-07,0.9411520535364356
2.526428,3.1683882e-07,0.9411520535364356
2.527428,3.1683881e-07,0.941152023831993
2.528428,3.1683881e-07,0.941152023831993
2.529328,3.1683881e-07,0.941152023831993
2.530228,3.1683881e-07,0.941152023831993
2.531128,3.1683881e-07,0.941152023831993
2.531938,3.1683879e-07,0.9411519644231078
2.533558,3.1683879e-07,0.9411519644231078
2.534368,3.1683879e-07,0.9411519644231078
2.535178,3.1683879e-07,0.9411519644231078
2.535988,3.1683879e-07,0.9411519644231078
2.537788,3.1683878e-07,0.9411519347186653
2.538688,3.1683878e-07,0.9411519347186653
2.539588,3.1683878e-07,0.9411519347186653
2.540488,3.1683878e-07,0.9411519347186653
2.541388,3.1683878e-07,0.9411519347186653
2.542388,3.1683877e-07,0.9411519050142227
2.543388,3.1683877e-07,0.9411519050142227
2.544288,3.1683875e-07,0.9411518456053375
2.545188,3.1683875e-07,0.9411518456053375
2.546088,3.1683875e-07,0.9411518456053375
2.546988,3.1683875e-07,0.9411518456053375
2.548788,3.1683875e-07,0.9411518456053375
2.549788,3.1683875e-07,0.9411518456053375
2.550788,3.1683874e-07,0.941151815900895
2.551788,3.1683874e-07,0.941151815900895
2.552788,3.1683874e-07,0.941151815900895
2.553788,3.1683874e-07,0.941151815900895
2.554788,3.1683873e-07,0.9411517861964525
2.555788,3.1683872e-07,0.9411517564920098
2.556788,3.1683872e-07,0.9411517564920098
2.557788,3.1683871e-07,0.9411517267875673
2.558788,3.168387e-07,0.9411516970831247
2.559788,3.168387e-07,0.9411516970831247
2.560788,3.1683869e-07,0.941151667378682
2.561788,3.1683868e-07,0.9411516376742395
2.562788,3.1683867e-07,0.941151607969797
2.563788,3.1683867e-07,0.941151607969797
2.564788,3.1683867e-07,0.941151607969797
2.565788,3.1683867e-07,0.941151607969797
2.566788,3.1683866e-07,0.9411515782653543
2.567688,3.1683866e-07,0.9411515782653543
2.568588,3.1683866e-07,0.9411515782653543
2.569488,3.1683866e-07,0.9411515782653543
2.570388,3.1683866e-07,0.9411515782653543
2.571288,3.1683865e-07,0.9411515485609118
2.572188,3.1683865e-07,0.9411515485609118
2.573188,3.1683865e-07,0.9411515485609118
2.574188,3.1683865e-07,0.9411515485609118
2.575188,3.1683865e-07,0.9411515485609118
2.576188,3.1683865e-07,0.9411515485609118
2.577188,3.1683865e-07,0.9411515485609118
2.578188,3.1683865e-07,0.9411515485609118
2.579188,3.1683865e-07,0.9411515485609118
2.580188,3.1683865e-07,0.9411515485609118
2.581188,3.1683865e-07,0.9411515485609118
2.582188,3.1683865e-07,0.9411515485609118
2.583188,3.1683865e-07,0.9411515485609118
2.584188,3.1683865e-07,0.9411515485609118
2.585188,3.1683865e-07,0.9411515485609118
2.586188,3.1683865e-07,0.9411515485609118
2.587188,3.1683865e-07,0.9411515485609118
2.588188,3.1683865e-07,0.9411515485609118
2.589188,3.1683865e-07,0.9411515485609118
2.590188,3.1683865e-07,0.9411515485609118
2.591188,3.1683864e-07,0.9411515188564692
2.592188,3.1683864e-07,0.9411515188564692
2.593188,3.1683864e-07,0.9411515188564692
2.594188,3.1683864e-07,0.9411515188564692
2.595188,3.1683864e-07,0.9411515188564692
2.596188,3.1683864e-07,0.9411515188564692
2.597188,3.1683864e-07,0.9411515188564692
2.598188,3.1683863e-07,0.9411514891520265
2.599188,3.1683863e-07,0.9411514891520265
2.600188,3.1683863e-07,0.9411514891520265
2.601188,3.1683862e-07,0.941151459447584
2.602188,3.1683862e-07,0.941151459447584
2.603188,3.1683861e-07,0.9411514297431415
2.604188,3.1683861e-07,0.9411514297431415
2.605188,3.1683861e-07,0.9411514297431415
2.606188,3.168386e-07,0.9411514000386988
2.607188,3.168386e-07,0.9411514000386988
2.608088,3.1683859e-07,0.9411513703342563
2.608988,3.1683859e-07,0.9411513703342563
2.610788,3.1683858e-07,0.9411513406298138
2.611598,3.1683857e-07,0.9411513109253712
2.612408,3.1683856e-07,0.9411512812209285
2.613218,3.1683855e-07,0.941151251516486
2.614028,3.1683855e-07,0.941151251516486
2.615648,3.1683854e-07,0.9411512218120435
2.616548,3.1683853e-07,0.9411511921076008
2.617448,3.1683852e-07,0.9411511624031582
2.618348,3.1683851e-07,0.9411511326987158
2.619248,3.168385e-07,0.9411511029942731
2.620148,3.168385e-07,0.9411511029942731
2.621048,3.1683845e-07,0.9411509544720602
2.622048,3.1683844e-07,0.9411509247676175
2.623048,3.1683842e-07,0.9411508653587325
2.624048,3.1683842e-07,0.9411508653587325
2.625048,3.1683842e-07,0.9411508653587325
2.626048,3.1683842e-07,0.9411508653587325
2.627048,3.1683841e-07,0.94115083565429
2.628048,3.1683841e-07,0.94115083565429
2.629048,3.168384e-07,0.9411508059498472
2.630048,3.1683839e-07,0.9411507762454048
2.631048,3.1683838e-07,0.9411507465409622
2.632668,3.1683832e-07,0.9411505683143068
2.633478,3.168383e-07,0.9411505089054215
2.634288,3.1683825e-07,0.9411503603832085
2.635098,3.1683822e-07,0.9411502712698809
2.636808,3.168382e-07,0.9411502118609958
2.637708,3.168382e-07,0.9411502118609958
2.638518,3.1683819e-07,0.9411501821565532
2.639328,3.1683818e-07,0.9411501524521105
2.640138,3.1683817e-07,0.9411501227476681
2.640948,3.1683813e-07,0.9411500039298978
2.642568,3.1683812e-07,0.9411499742254551
2.643468,3.1683812e-07,0.9411499742254551
2.644368,3.1683811e-07,0.9411499445210125
2.645268,3.1683802e-07,0.9411496771810293
2.646168,3.1683802e-07,0.9411496771810293
2.647068,3.1683799e-07,0.9411495880677015
2.647968,3.1683799e-07,0.9411495880677015
2.649588,3.1683798e-07,0.941149558363259
2.650398,3.1683798e-07,0.941149558363259
2.651208,3.1683798e-07,0.941149558363259
2.652018,3.1683795e-07,0.9411494692499313
2.653728,3.1683795e-07,0.9411494692499313
2.654628,3.1683793e-07,0.9411494098410461
2.655357,3.1683789e-07,0.9411492910232758
2.656086,3.1683788e-07,0.9411492613188333
2.657544,3.1683788e-07,0.9411492613188333
2.658273,3.1683787e-07,0.9411492316143907
2.659002,3.1683787e-07,0.9411492316143907
2.660622,3.1683786e-07,0.941149201909948
2.661351,3.1683784e-07,0.941149142501063
2.66208,3.1683784e-07,0.941149142501063
2.663538,3.1683784e-07,0.941149142501063
2.664267,3.1683784e-07,0.941149142501063
2.664996,3.1683783e-07,0.9411491127966203
2.666616,3.1683782e-07,0.9411490830921778
2.667426,3.168378e-07,0.9411490236832926
2.668236,3.1683779e-07,0.94114899397885
2.669046,3.1683778e-07,0.9411489642744075
2.670666,3.1683777e-07,0.9411489345699648
2.671476,3.1683776e-07,0.9411489048655223
2.672286,3.1683773e-07,0.9411488157521946
2.673096,3.1683773e-07,0.9411488157521946
2.674716,3.1683772e-07,0.941148786047752
2.675616,3.1683768e-07,0.9411486672299817
2.676516,3.1683767e-07,0.941148637525539
2.677416,3.1683767e-07,0.941148637525539
2.678316,3.1683766e-07,0.9411486078210966
2.679216,3.1683761e-07,0.9411484592988836
2.680116,3.1683759e-07,0.9411483998899985
2.680926,3.1683758e-07,0.9411483701855559
2.682546,3.1683749e-07,0.9411481028455727
2.683356,3.1683749e-07,0.9411481028455727
2.684166,3.1683748e-07,0.94114807314113
2.684976,3.1683746e-07,0.941148013732245
2.686434,3.1683746e-07,0.941148013732245
2.687163,3.1683745e-07,0.9411479840278023
2.688621,3.1683743e-07,0.9411479246189173
2.68935,3.1683743e-07,0.9411479246189173
2.69016,3.1683743e-07,0.9411479246189173
2.69097,3.1683742e-07,0.9411478949144746
2.69259,3.1683737e-07,0.9411477463922617
2.6934,3.1683736e-07,0.941147716687819
2.69421,3.1683733e-07,0.9411476275744914
2.69511,3.1683732e-07,0.9411475978700488
2.69601,3.1683732e-07,0.9411475978700488
2.69781,3.1683728e-07,0.9411474790522786
2.69862,3.1683727e-07,0.941147449347836
2.69943,3.1683727e-07,0.941147449347836
2.70024,3.1683724e-07,0.9411473602345083
2.70105,3.1683724e-07,0.9411473602345083
2.70267,3.1683722e-07,0.941147300825623
2.70357,3.1683722e-07,0.941147300825623
2.70447,3.1683722e-07,0.941147300825623
2.70537,3.168372e-07,0.9411472414167378
2.70627,3.168372e-07,0.9411472414167378
2.70717,3.1683719e-07,0.9411472117122953
2.70807,3.1683718e-07,0.9411471820078527
2.70907,3.1683717e-07,0.9411471523034101
2.71007,3.1683717e-07,0.9411471523034101
2.71097,3.1683717e-07,0.9411471523034101
2.71268,3.1683715e-07,0.941147092894525
2.71349,3.1683715e-07,0.941147092894525
2.7143,3.1683714e-07,0.9411470631900825
2.71511,3.1683712e-07,0.9411470037811973
2.71592,3.1683712e-07,0.9411470037811973
2.71763,3.1683712e-07,0.9411470037811973
2.71853,3.1683709e-07,0.9411469146678695
2.71943,3.1683709e-07,0.9411469146678695
2.72033,3.1683705e-07,0.9411467958500993
2.72123,3.1683705e-07,0.9411467958500993
2.72213,3.1683704e-07,0.9411467661456566
2.72313,3.1683704e-07,0.9411467661456566
2.72413,3.1683704e-07,0.9411467661456566
2.72513,3.1683701e-07,0.9411466770323288
2.72613,3.1683701e-07,0.9411466770323288
2.72713,3.16837e-07,0.9411466473278863
2.72813,3.16837e-07,0.9411466473278863
2.72913,3.16837e-07,0.9411466473278863
2.73013,3.1683699e-07,0.9411466176234438
2.73113,3.1683699e-07,0.9411466176234438
2.73213,3.1683699e-07,0.9411466176234438
2.73313,3.1683698e-07,0.9411465879190011
2.73413,3.1683698e-07,0.9411465879190011
2.73513,3.1683697e-07,0.9411465582145585
2.73613,3.1683697e-07,0.9411465582145585
2.73713,3.1683696e-07,0.941146528510116
2.73813,3.1683696e-07,0.941146528510116
2.73913,3.1683696e-07,0.941146528510116
2.74013,3.1683696e-07,0.941146528510116
2.74103,3.1683696e-07,0.941146528510116
2.74193,3.1683695e-07,0.9411464988056735
2.74373,3.1683694e-07,0.9411464691012308
2.74463,3.1683694e-07,0.9411464691012308
2.74553,3.1683692e-07,0.9411464096923458
2.74653,3.1683692e-07,0.9411464096923458
2.74753,3.1683692e-07,0.9411464096923458
2.74853,3.1683692e-07,0.9411464096923458
2.74953,3.1683692e-07,0.9411464096923458
2.75053,3.1683692e-07,0.9411464096923458
2.75153,3.1683692e-07,0.9411464096923458
2.75243,3.1683692e-07,0.9411464096923458
2.75333,3.1683692e-07,0.9411464096923458
2.75423,3.1683692e-07,0.9411464096923458
2.75513,3.1683689e-07,0.941146320579018
2.75603,3.1683689e-07,0.941146320579018
2.75693,3.1683689e-07,0.941146320579018
2.75793,3.1683689e-07,0.941146320579018
2.75893,3.1683689e-07,0.941146320579018
2.75993,3.1683688e-07,0.9411462908745754
2.76093,3.1683688e-07,0.9411462908745754
2.76193,3.1683688e-07,0.9411462908745754
2.76293,3.1683688e-07,0.9411462908745754
2.76393,3.1683688e-07,0.9411462908745754
2.76493,3.1683688e-07,0.9411462908745754
2.76593,3.1683688e-07,0.9411462908745754
2.76693,3.1683688e-07,0.9411462908745754
2.76793,3.1683687e-07,0.9411462611701328
2.76893,3.1683687e-07,0.9411462611701328
2.76993,3.1683687e-07,0.9411462611701328
2.77093,3.1683687e-07,0.9411462611701328
2.77193,3.1683687e-07,0.9411462611701328
2.77293,3.1683687e-07,0.9411462611701328
2.77393,3.1683687e-07,0.9411462611701328
2.77493,3.1683686e-07,0.9411462314656902
2.77593,3.1683686e-07,0.9411462314656902
2.77693,3.1683686e-07,0.9411462314656902
2.77793,3.1683686e-07,0.9411462314656902
2.77893,3.1683685e-07,0.9411462017612475
2.77993,3.1683685e-07,0.9411462017612475
2.78093,3.1683685e-07,0.9411462017612475
2.78193,3.1683685e-07,0.9411462017612475
2.78293,3.1683685e-07,0.9411462017612475
2.78393,3.1683685e-07,0.9411462017612475
2.78493,3.1683685e-07,0.9411462017612475
2.78593,3.1683685e-07,0.9411462017612475
2.78693,3.1683684e-07,0.9411461720568051
2.78873,3.1683684e-07,0.9411461720568051
2.78963,3.1683684e-07,0.9411461720568051
2.79053,3.1683684e-07,0.9411461720568051
2.79143,3.1683684e-07,0.9411461720568051
2.79233,3.1683684e-07,0.9411461720568051
2.79333,3.1683684e-07,0.9411461720568051
2.79433,3.1683684e-07,0.9411461720568051
2.79533,3.1683684e-07,0.9411461720568051
2.79633,3.1683684e-07,0.9411461720568051
2.79733,3.1683684e-07,0.9411461720568051
2.79833,3.1683684e-07,0.9411461720568051
2.79933,3.1683684e-07,0.9411461720568051
2.80033,3.1683683e-07,0.9411461423523625
2.80133,3.1683683e-07,0.9411461423523625
2.80233,3.1683683e-07,0.9411461423523625
2.80333,3.1683683e-07,0.9411461423523625
2.80423,3.1683683e-07,0.9411461423523625
2.80513,3.1683683e-07,0.9411461423523625
2.80603,3.1683683e-07,0.9411461423523625
2.80693,3.1683682e-07,0.9411461126479198
2.80873,3.1683682e-07,0.9411461126479198
2.80973,3.1683678e-07,0.9411459938301495
2.81073,3.1683678e-07,0.9411459938301495
2.81173,3.1683677e-07,0.9411459641257071
2.81273,3.1683677e-07,0.9411459641257071
2.81373,3.1683677e-07,0.9411459641257071
2.81473,3.1683677e-07,0.9411459641257071
2.81573,3.1683677e-07,0.9411459641257071
2.81673,3.1683677e-07,0.9411459641257071
2.81773,3.1683677e-07,0.9411459641257071
2.81873,3.1683677e-07,0.9411459641257071
2.81973,3.1683676e-07,0.9411459344212645
2.82073,3.1683675e-07,0.9411459047168218
2.82173,3.1683674e-07,0.9411458750123792
2.82273,3.1683674e-07,0.9411458750123792
2.82373,3.1683674e-07,0.9411458750123792
2.82473,3.1683673e-07,0.9411458453079368
2.82573,3.1683673e-07,0.9411458453079368
2.82673,3.1683673e-07,0.9411458453079368
2.82773,3.1683672e-07,0.9411458156034941
2.82873,3.1683672e-07,0.9411458156034941
2.82973,3.168367e-07,0.941145756194609
2.83073,3.1683669e-07,0.9411457264901664
2.83173,3.1683667e-07,0.9411456670812812
2.83263,3.1683664e-07,0.9411455779679535
2.83353,3.1683663e-07,0.9411455482635108
2.83443,3.1683657e-07,0.9411453700368555
2.83533,3.1683649e-07,0.9411451324013148
2.83623,3.1683648e-07,0.9411451026968722
2.83713,3.1683647e-07,0.9411450729924296
2.83813,3.1683647e-07,0.9411450729924296
2.83913,3.1683647e-07,0.9411450729924296
2.84013,3.1683646e-07,0.9411450432879871
2.84103,3.1683644e-07,0.9411449838791018
2.84193,3.1683644e-07,0.9411449838791018
2.84373,3.1683643e-07,0.9411449541746593
2.84463,3.1683643e-07,0.9411449541746593
2.84553,3.1683642e-07,0.9411449244702168
2.84653,3.1683642e-07,0.9411449244702168
2.84753,3.1683642e-07,0.9411449244702168
2.84853,3.1683642e-07,0.9411449244702168
2.84953,3.1683642e-07,0.9411449244702168
2.85053,3.1683641e-07,0.9411448947657742
2.85153,3.1683639e-07,0.941144835356889
2.85253,3.1683635e-07,0.9411447165391188
2.85353,3.1683633e-07,0.9411446571302335
2.85453,3.168363e-07,0.9411445680169058
2.85553,3.168363e-07,0.9411445680169058
2.85653,3.1683629e-07,0.9411445383124633
2.85753,3.1683629e-07,0.9411445383124633
2.85843,3.1683629e-07,0.9411445383124633
2.85924,3.1683627e-07,0.9411444789035781
2.86005,3.1683626e-07,0.9411444491991355
2.86167,3.1683625e-07,0.941144419494693
2.86248,3.1683621e-07,0.9411443006769226
2.86329,3.168362e-07,0.94114427097248
2.86419,3.168362e-07,0.94114427097248
2.86509,3.168362e-07,0.94114427097248
2.86599,3.1683614e-07,0.9411440927458246
2.86779,3.1683614e-07,0.9411440927458246
2.86869,3.1683614e-07,0.9411440927458246
2.86969,3.1683614e-07,0.9411440927458246
2.87069,3.1683611e-07,0.9411440036324968
2.87169,3.168361e-07,0.9411439739280543
2.87259,3.1683608e-07,0.941143914519169
2.87349,3.1683607e-07,0.9411438848147266
2.87439,3.1683607e-07,0.9411438848147266
2.87529,3.1683606e-07,0.941143855110284
2.87619,3.1683604e-07,0.9411437957013988
2.87709,3.1683602e-07,0.9411437362925136
2.87809,3.1683602e-07,0.9411437362925136
2.87909,3.1683577e-07,0.941142993681449
2.88009,3.1683574e-07,0.9411429045681213
2.88109,3.1683574e-07,0.9411429045681213
2.88209,3.1683574e-07,0.9411429045681213
2.88309,3.1683573e-07,0.9411428748636788
2.88399,3.1683573e-07,0.9411428748636788
2.88579,3.1683572e-07,0.9411428451592363
2.88669,3.1683567e-07,0.9411426966370233
2.88759,3.1683566e-07,0.9411426669325808
2.88849,3.1683566e-07,0.9411426669325808
2.88949,3.1683565e-07,0.9411426372281383
2.89049,3.1683565e-07,0.9411426372281383
2.89149,3.1683565e-07,0.9411426372281383
2.89249,3.1683564e-07,0.9411426075236956
2.89349,3.1683562e-07,0.9411425481148105
2.89449,3.1683562e-07,0.9411425481148105
2.89549,3.1683562e-07,0.9411425481148105
2.89649,3.168356e-07,0.9411424887059253
2.89749,3.168356e-07,0.9411424887059253
2.89849,3.1683557e-07,0.9411423995925976
2.89949,3.1683557e-07,0.9411423995925976
2.90049,3.1683556e-07,0.941142369888155
2.90149,3.1683556e-07,0.941142369888155
2.90249,3.1683556e-07,0.941142369888155
2.90349,3.1683555e-07,0.9411423401837123
2.90449,3.1683555e-07,0.9411423401837123
2.90549,3.1683555e-07,0.9411423401837123
2.90649,3.1683554e-07,0.9411423104792698
2.90739,3.1683549e-07,0.941142161957057
2.90829,3.1683549e-07,0.941142161957057
2.90919,3.1683543e-07,0.9411419837304015
2.91009,3.1683543e-07,0.9411419837304015
2.91099,3.1683543e-07,0.9411419837304015
2.91289,3.1683542e-07,0.9411419540259588
2.91389,3.1683542e-07,0.9411419540259588
2.91489,3.1683541e-07,0.9411419243215163
2.91589,3.1683541e-07,0.9411419243215163
2.91689,3.1683539e-07,0.9411418649126311
2.91789,3.1683538e-07,0.9411418352081885
2.91889,3.1683538e-07,0.9411418352081885
2.91979,3.1683536e-07,0.9411417757993034
2.92069,3.1683536e-07,0.9411417757993034
2.92159,3.1683531e-07,0.9411416272770905
2.92249,3.1683531e-07,0.9411416272770905
2.9233,3.1683529e-07,0.9411415678682054
2.92411,3.1683528e-07,0.9411415381637628
2.92492,3.1683528e-07,0.9411415381637628
2.92654,3.1683527e-07,0.9411415084593203
2.92735,3.1683527e-07,0.9411415084593203
2.92825,3.1683526e-07,0.9411414787548775
2.92915,3.1683526e-07,0.9411414787548775
2.93005,3.1683525e-07,0.9411414490504351
2.93095,3.1683525e-07,0.9411414490504351
2.93275,3.1683524e-07,0.9411414193459925
2.93375,3.1683524e-07,0.9411414193459925
2.93475,3.1683524e-07,0.9411414193459925
2.93575,3.1683523e-07,0.9411413896415498
2.93675,3.1683522e-07,0.9411413599371073
2.93775,3.1683522e-07,0.9411413599371073
2.93875,3.1683521e-07,0.9411413302326648
2.93975,3.168352e-07,0.9411413005282221
2.94075,3.168352e-07,0.9411413005282221
2.94175,3.168352e-07,0.9411413005282221
2.94275,3.1683519e-07,0.9411412708237795
2.94375,3.1683519e-07,0.9411412708237795
2.94475,3.1683519e-07,0.9411412708237795
2.94565,3.1683519e-07,0.9411412708237795
2.94655,3.1683519e-07,0.9411412708237795
2.94745,3.1683518e-07,0.9411412411193371
2.94835,3.1683518e-07,0.9411412411193371
2.94925,3.1683518e-07,0.9411412411193371
2.95015,3.1683517e-07,0.9411412114148945
2.95115,3.1683517e-07,0.9411412114148945
2.95215,3.1683517e-07,0.9411412114148945
2.95315,3.1683517e-07,0.9411412114148945
2.95415,3.1683517e-07,0.9411412114148945
2.95515,3.1683516e-07,0.9411411817104518
2.95615,3.1683516e-07,0.9411411817104518
2.95715,3.1683516e-07,0.9411411817104518
2.95815,3.1683516e-07,0.9411411817104518
2.95915,3.1683516e-07,0.9411411817104518
2.96015,3.1683516e-07,0.9411411817104518
2.96115,3.1683516e-07,0.9411411817104518
2.96215,3.1683516e-07,0.9411411817104518
2.96305,3.1683516e-07,0.9411411817104518
2.96395,3.1683516e-07,0.9411411817104518
2.96575,3.1683516e-07,0.9411411817104518
2.96665,3.1683515e-07,0.9411411520060093
2.96755,3.1683515e-07,0.9411411520060093
2.96855,3.1683515e-07,0.9411411520060093
2.96955,3.1683515e-07,0.9411411520060093
2.97055,3.1683515e-07,0.9411411520060093
2.97155,3.1683513e-07,0.9411410925971241
2.97255,3.1683513e-07,0.9411410925971241
2.97355,3.1683513e-07,0.9411410925971241
2.97455,3.1683513e-07,0.9411410925971241
2.97555,3.1683513e-07,0.9411410925971241
2.97655,3.1683513e-07,0.9411410925971241
2.97755,3.1683512e-07,0.9411410628926815
2.97855,3.1683512e-07,0.9411410628926815
2.97955,3.1683512e-07,0.9411410628926815
2.98055,3.1683512e-07,0.9411410628926815
2.98155,3.1683511e-07,0.941141033188239
2.98255,3.1683511e-07,0.941141033188239
2.98355,3.168351e-07,0.9411410034837964
2.98455,3.1683509e-07,0.9411409737793538
2.98555,3.1683508e-07,0.9411409440749112
2.98655,3.1683507e-07,0.9411409143704685
2.98755,3.1683506e-07,0.9411408846660261
2.98855,3.1683506e-07,0.9411408846660261
2.98955,3.1683505e-07,0.9411408549615835
2.99055,3.1683505e-07,0.9411408549615835
2.99155,3.1683504e-07,0.9411408252571408
2.99255,3.1683504e-07,0.9411408252571408
2.99355,3.1683504e-07,0.9411408252571408
2.99455,3.1683504e-07,0.9411408252571408
2.99555,3.1683503e-07,0.9411407955526984
2.99655,3.1683503e-07,0.9411407955526984
2.99755,3.1683503e-07,0.9411407955526984
2.99845,3.1683503e-07,0.9411407955526984
2.99935,3.1683503e-07,0.9411407955526984
3.00025,3.1683503e-07,0.9411407955526984
